{"type": "block", "layer": 1, "block": 1, "features": [{"geom": {"polygons": [[[[-4426.535749384726, -2018.0694449581206], [-4404.761305291322, -1988.3065965967253], [-4394.162178472849, -1996.0551662240177], [-4402.07115502021, -2006.8641680469736], [-4408.238479569962, -2015.2916750665754], [-4407.117811619944, -2016.1063024029136], [-4410.872916528082, -2021.250083109364], [-4412.127276532061, -2020.3310481561348], [-4413.040397071454, -2021.6039003403857], [-4414.252303886868, -2023.2010654993355], [-4416.070635036274, -2025.7247657468542], [-4418.87555444584, -2023.6769612776116], [-4426.535749384726, -2018.0694449581206]]]], "centroids": [[-4410.327422600763, -2007.2279809666798, 0.0]], "h": 80.0}, "mtl": {"idx": 0, "edge": 1}}, {"geom": {"polygons": [[[[-5006.745964101807, -1979.2380145937204], [-5005.0407273331075, -1971.2360477056354], [-4997.469384588476, -1972.8356019016355], [-4999.167406278953, -1980.8378011481836], [-5006.745964101807, -1979.2380145937204]]]], "centroids": [[-5002.106098209508, -1976.0374577753246, 0.0]], "h": 80.0}, "mtl": {"idx": 0, "edge": 1}}, {"geom": {"polygons": [[[[-1629.1522923159064, -1429.1376809757203], [-1634.52592561458, -1417.0073599694297], [-1628.857162860455, -1404.0770079027861], [-1646.6403432113002, -1390.5896474067122], [-1679.6630149392295, -1370.5711910305545], [-1676.653730374237, -1327.4802573388442], [-1662.569995836413, -1291.7578639052808], [-1660.0592996583437, -1285.7276507308707], [-1644.7071145640803, -1248.8654838232324], [-1581.5525056085899, -1217.5183248594403], [-1569.52265133959, -1223.8483902644366], [-1531.6769911299343, -1244.0951795931906], [-1521.7971781249507, -1313.3162858532742], [-1518.900086255453, -1322.7985047530383], [-1534.812209362397, -1368.8123787753284], [-1544.4675463867025, -1394.1584501191974], [-1560.7497328880127, -1431.25879754778], [-1564.8617471989128, -1439.842683765106], [-1569.0280273299431, -1448.5472680758685], [-1572.3221338682342, -1442.9916648995131], [-1574.41118579061, -1443.1598880039528], [-1578.025347184448, -1443.4472368825227], [-1584.7536385863204, -1443.4812274919823], [-1587.0984137937194, -1443.2964855078608], [-1592.0753970819642, -1442.8957373574376], [-1596.9263296455028, -1442.1539866151288], [-1604.19268646423, -1440.4908631676808], [-1612.3345981328166, -1437.7765757199377], [-1617.8151265051565, -1435.9579774467275], [-1622.7662282768288, -1433.1211219765246], [-1629.1522923159064, -1429.1376809757203]]]], "centroids": [[-1595.6700981475296, -1329.0947966314852, 0.0]], "h": 80.0}, "mtl": {"idx": 0, "edge": 1}}, {"geom": {"polygons": [[[[-1573.905677223287, -1402.8613542141393], [-1574.2117253518663, -1401.5832479903474], [-1575.427304448851, -1397.1164787458256], [-1573.3443175358116, -1396.6810106476769], [-1571.886947248131, -1396.8824541633949], [-1570.4398825731478, -1398.563511332497], [-1570.4060350144864, -1400.2448009364307], [-1571.0839101238525, -1401.859282547608], [-1572.0271639366983, -1402.508497890085], [-1573.905677223287, -1402.8613542141393]]]], "centroids": [[-1572.7925457273377, -1399.5500905392691, 0.0]], "h": 80.0}, "mtl": {"idx": 0, "edge": 1}}, {"geom": {"polygons": [[[[-3583.4999214353156, -1224.9217726709321], [-3582.0201752203866, -1225.324769319035], [-3580.978601163428, -1225.9030424850062], [-3579.491936803097, -1227.452397622168], [-3578.760024586052, -1229.1558651793748], [-3578.5923711399664, -1230.4631062392145], [-3578.880666235171, -1232.2788879778236], [-3579.284827639349, -1233.2007906166837], [-3579.90472756268, -1234.1047259569168], [-3581.628496995836, -1235.4855325510725], [-3583.2538041740772, -1236.0348924370483], [-3585.3938090070733, -1235.9892997993156], [-3587.0249757459387, -1235.3589501501992], [-3588.2775093287346, -1234.384522342123], [-3589.249784907559, -1232.9850046010688], [-3589.7731592804776, -1231.2992748701945], [-3589.7200930783292, -1229.3981424449012], [-3589.1892048916197, -1227.8904970809817], [-3588.2317751030787, -1226.5744164921343], [-3586.8286620210274, -1225.5284003596753], [-3584.7683570173103, -1224.903812601231], [-3583.4999214353156, -1224.9217726709321]]]], "centroids": [[-3584.2115748558426, -1230.495244228281, 0.0]], "h": 80.0}, "mtl": {"idx": 0, "edge": 1}}, {"geom": {"polygons": [[[[2155.637272461143, -3867.0478120157495], [2157.182543553936, -3865.81553177163], [2157.9257156006643, -3866.75069031585], [2156.380784794397, -3867.971854304895], [2155.637272461143, -3867.0478120157495]]]], "centroids": [[2156.782271680713, -3866.895459507592, 0.0]], "h": 80.0}, "mtl": {"idx": 0, "edge": 1}}, {"geom": {"polygons": [[[[-4764.59288416116, -2290.5906817568466], [-4757.584217914671, -2280.9107020162046], [-4751.964643052779, -2284.9290744168684], [-4758.923581564857, -2294.6329033114016], [-4764.59288416116, -2290.5906817568466]]]], "centroids": [[-4758.27126064687, -2287.7718954719603, 0.0]], "h": 80.0}, "mtl": {"idx": 0, "edge": 1}}, {"geom": {"polygons": [[[[5068.417632207624, -2660.7878014072776], [5077.183039243973, -2658.0251154871657], [5079.441845516849, -2665.1584721449763], [5070.676428582112, -2667.921161921695], [5068.417632207624, -2660.7878014072776]]]], "centroids": [[5073.929736536054, -2662.973138447851, 0.0]], "h": 80.0}, "mtl": {"idx": 0, "edge": 1}}, {"geom": {"polygons": [[[[-4732.179560927965, -2250.4748051371425], [-4719.512919343833, -2232.529397555627], [-4708.677131080884, -2240.096957348287], [-4721.3365464761155, -2258.0426195561886], [-4732.179560927965, -2250.4748051371425]]]], "centroids": [[-4720.427184022847, -2245.2865166384727, 0.0]], "h": 80.0}, "mtl": {"idx": 0, "edge": 1}}, {"geom": {"polygons": [[[[-277.9363943046774, -1945.0352017143741], [-274.11707137181656, -1939.5458232834935], [-269.7572370743146, -1942.1849666768685], [-273.53817158110905, -1947.8313220124692], [-277.9363943046774, -1945.0352017143741]]]], "centroids": [[-273.8384810213465, -1943.663964544423, 0.0]], "h": 80.0}, "mtl": {"idx": 0, "edge": 1}}, {"geom": {"polygons": [[[[958.9674917634111, -3689.3527101650834], [962.2130081762443, -3689.363785494119], [962.2055475701927, -3692.412359156646], [958.9596864983323, -3692.412400310859], [958.9674917634111, -3689.3527101650834]]]], "centroids": [[960.5854489158955, -3690.8853369560093, 0.0]], "h": 80.0}, "mtl": {"idx": 0, "edge": 1}}, {"geom": {"polygons": [[[[-2571.7387166856206, 430.3549677580595], [-2568.1790195683134, 429.4081556368619], [-2560.7195927817374, 427.3257768601179], [-2563.013107806153, 419.052476413548], [-2564.8920364758815, 411.81208807602525], [-2570.038755968504, 413.17614869214594], [-2575.88589314383, 414.72921406757087], [-2573.8364535003784, 422.5762346088886], [-2571.7387166856206, 430.3549677580595]]]], "centroids": [[-2568.3354366986896, 421.077283937484, 0.0]], "h": 80.0}, "mtl": {"idx": 0, "edge": 1}}, {"geom": {"polygons": [[[[-2291.8153890615795, 410.55233869329095], [-2298.464407618623, 417.31574282888323], [-2291.9263342471677, 423.7418749285862], [-2290.732097587723, 422.5247669229284], [-2287.972418046382, 425.2420083312318], [-2287.231883127941, 424.49541025888175], [-2286.049164178432, 425.6599428681657], [-2283.919068640098, 423.489795348607], [-2285.190996540885, 422.23905095271766], [-2284.576225383731, 421.6188145233318], [-2287.3729586182744, 418.8693555025384], [-2285.403579423728, 416.86005155555904], [-2291.8153890615795, 410.55233869329095]]]], "centroids": [[-2290.874784525484, 418.3154128836468, 0.0]], "h": 80.0}, "mtl": {"idx": 0, "edge": 1}}, {"geom": {"polygons": [[[[-736.3683872196707, 760.8550842506811], [-726.1931367896614, 763.1191833326593], [-721.7913750828593, 743.4200810715556], [-731.9666595479357, 741.1559729818255], [-732.4209242188954, 743.2286945981905], [-736.3683872196707, 760.8550842506811]]]], "centroids": [[-729.078014672792, 752.1391238002107, 0.0]], "h": 80.0}, "mtl": {"idx": 0,