{"type": "block", "layer": 4, "block": 13, "features": [{"geom": {"polygons": [[[[9002.220715405536, -3866.988525427878], [8995.663997397874, -3873.6008609114215], [8983.65262434131, -3861.9259525369853], [8990.276134043466, -3855.726879517548], [9002.220715405536, -3866.988525427878]]]], "centroids": [[8992.969426193624, -3864.597853886895, 0.0]], "h": 9.0}, "mtl": {"idx": 0, "edge": 1}}, {"geom": {"polygons": [[[[2979.012499257573, -2823.7065552407876], [3042.7206438386347, -2844.992647758685], [3020.089391360292, -2912.7426817417145], [2996.857013631845, -2904.975738249719], [2956.381246779347, -2891.456761742942], [2979.012499257573, -2823.7065552407876]]]], "centroids": [[2999.551194229396, -2868.223581972532, 0.0]], "h": 9.0}, "mtl": {"idx": 0, "edge": 1}}, {"geom": {"polygons": [[[[2583.6947235525586, -2478.3855192884803], [2589.895219189697, -2479.573871090077], [2588.214294878766, -2488.2884457996115], [2582.024931190652, -2487.0828727651387], [2583.6947235525586, -2478.3855192884803]]]], "centroids": [[2585.9585696186405, -2483.3320084866136, 0.0]], "h": 9.0}, "mtl": {"idx": 0, "edge": 1}}, {"geom": {"polygons": [[[[7929.045164412935, 4397.094197432511], [7955.550335170818, 4411.797087420709], [7980.697408141103, 4367.085213884711], [7979.884775858372, 4364.775509106927], [7978.983087982866, 4362.689880715683], [7978.237247394631, 4360.449123520404], [7976.667642574292, 4357.6050864057615], [7975.175961397821, 4355.364330572076], [7973.30579395243, 4352.830553547479], [7971.669397437712, 4351.1930790105835], [7969.276028385735, 4349.176400281489], [7967.116430264316, 4347.763001806103], [7965.624749087729, 4346.642625132576], [7963.910428929492, 4345.591194854118], [7961.216497252346, 4344.470818474889], [7958.978975487291, 4343.953721734695], [7959.5801007376285, 4343.126367016695], [7957.409370667185, 4342.454141370021], [7955.093925258727, 4341.937044753693], [7952.555840868503, 4341.7819157755], [7949.049276908627, 4341.7819157755], [7945.164226679946, 4342.09217373468], [7942.626142289839, 4342.454141370021], [7940.165981543367, 4342.988474571146], [7937.8505361347925, 4343.7985927164555], [7934.043409549631, 4345.522248610854], [7931.2158944834955, 4346.935646708123], [7928.677810093504, 4348.9523248961195], [7926.36236468493, 4351.037949859165], [7924.570120883174, 4353.054629037157], [7923.145231400849, 4354.554211305454], [7921.9541128495475, 4356.48470841255], [7920.462431672844, 4358.725464547053], [7919.115465834271, 4361.5695020426065], [7917.779631944839, 4364.2584111094475], [7917.256430338137, 4366.637062163092], [7916.800020425697, 4368.8088745819405], [7916.57738144428, 4370.308459678665], [7916.43266610615, 4372.3940899726], [7916.43266610615, 4374.996819416992], [7916.43266610615, 4377.013504377566], [7916.466061953339, 4378.478617689572], [7916.844548222027, 4380.374647062272], [7917.4011456760345, 4382.684356151149], [7918.2917016024, 4385.59734837804], [7919.560743797454, 4388.5965248681605], [7921.130348617677, 4391.578465777449], [7923.078439706471, 4394.853431007825], [7925.015398846357, 4397.094197432511], [7927.553483236348, 4399.197071084753], [7929.045164412935, 4397.094197432511]]]], "centroids": [[7947.14559686603, 4373.253713652492, 0.0]], "h": 9.0}, "mtl": {"idx": 0, "edge": 1}}, {"geom": {"polygons": [[[[1260.2618253076216, -585.2816012930125], [1274.2880811475916, -592.2410609005019], [1284.4515506569296, -597.8051791395992], [1274.7667549579637, -616.18569201231], [1250.8330644374946, -603.5760099338368], [1260.2618253076216, -585.2816012930125]]]], "centroids": [[1267.6376134272432, -600.6536295777187, 0.0]], "h": 9.0}, "mtl": {"idx": 0, "edge": 1}}, {"geom": {"polygons": [[[[1299.6021333539393, -748.517300978303], [1306.0030040745623, -736.3384705912322], [1324.7826021714136, -745.6233230885118], [1331.339320179075, -743.8145863981918], [1334.2892866850598, -752.858265934512], [1328.1778466405813, -754.8909392254427], [1326.8197488528676, -758.284468960017], [1324.1035532775568, -756.9236120237038], [1323.2463931984967, -758.6634417371824], [1322.3781011701794, -760.4032710902393], [1299.6021333539393, -748.517300978303]]]], "centroids": [[1316.6825777795166, -748.6454466776922, 0.0]], "h": 9.0}, "mtl": {"idx": 0, "edge": 1}}, {"geom": {"polygons": [[[[-1525.9871056043776, -679.561114792712], [-1511.181613328983, -687.6229715747759], [-1518.1836092998274, -700.4909191755578], [-1532.9891015753383, -692.446300975047], [-1525.9871056043776, -679.561114792712]]]], "centroids": [[-1522.0863470548065, -690.0291089583188, 0.0]], "h": 9.0}, "mtl": {"idx": 0, "edge": 1}}, {"geom": {"polygons": [[[[1417.7343769838335, -702.2135344846174], [1413.637819722644, -710.2581432806328], [1416.8215571593028, -711.8601736593992], [1406.3575250246795, -732.4281492931768], [1371.5924480499234, -714.7369371159002], [1386.1530374457361, -686.1415198454633], [1417.7343769838335, -702.2135344846174]]]], "centroids": [[1395.6983189159073, -709.3435386558995, 0.0]], "h": 9.0}, "mtl": {"idx": 0, "edge": 1}}, {"geom": {"polygons": [[[[369.7504267577315, -2097.518674437888], [346.26201420032885, -2127.762692110613], [334.7849746996071, -2118.85828597378], [348.3659525763942, -2101.376687336713], [341.2192412674194, -2095.8307932345197], [351.13780789717566, -2083.068333512172], [369.7504267577315, -2097.518674437888]]]], "centroids": [[351.7445991638815, -2104.8662253255025, 0.0]], "h": 3.5}, "mtl": {"idx": 0, "edge": 1}}, {"geom": {"polygons": [[[[-283.0827269994188, -5010.121635412797], [-281.1568998086732, -5009.742855329998], [-279.3423921087524, -5010.121635412797], [-277.7282594923163, -5011.2924101101235], [-276.80430771864485, -5012.790312790312], [-276.5148770426167, -5014.701429612935], [-277.00468280212954, -5016.578111473471], [-278.05108601541724, -5017.938275127672], [-279.5872949884506, -5018.868007118814], [-281.3572748921579, -5019.160700500011], [-283.2831020827871, -5018.678617276251], [-284.6411998703843, -5017.697233483195], [-285.49835994956084, -5016.423156105913], [-285.93250596371945, -5014.374301538803], [-285.56515164405573, -5012.635357351974], [-284.5187484306516, -5011.085802820511], [-283.0827269994188, -5010.121635412797]]]], "centroids": [[-281.2191255999496, -5014.4529359275475, 0.0]], "h": 9.0}, "mtl": {"idx": 0, "edge": 1}}, {"geom": {"polygons": [[[[4982.752201587427, 4235.329642747529], [4996.778457427397, 4210.009507422335], [4992.860011351528, 4208.906385504641], [4985.134438690497, 4206.717378376052], [4970.084043535171, 4231.899613114074], [4982.752201587427, 4235.329642747529]]]], "centroids": [[4983.586757265963, 4221.153417170979, 0.0]], "h": 9.0}, "mtl": {"idx": 0, "edge": 1}}, {"geom": {"polygons": [[[[8872.15502236283, 10790.31046037376], [8837.62371631863, 10747.634399057366], [8833.182068635942, 10743.270206212997], [8831.200581699843, 10741.769476394169], [8830.12078263925, 10741.407231303863], [8828.851740444195, 10741.458980602212], [8827.682885790826, 10741.872974993661], [8826.413843595772, 10743.270206212997], [8824.821974877384, 10745.529926332645], [8820.84786905616, 10753.378577306867], [8804.239001029753, 10801.678130311891], [8821.83861252421, 10825.966011111625], [8872.15502236283, 10790.31046037376]]]], "centroids": [[8834.092379313428, 10785.391760924831, 0.0]], "h": 9.0}, "mtl": {"idx": 0, "edge": 1}}, {"geom": {"polygons": [[[[5805.670405327692, 1190.052232556045], [5809.009990051505, 1191.7752379598096], [5810.791101904237, 1188.3292275080457], [5807.4626491294475, 1186.6062228130177], [5805.670405327692, 1190.052232556045]]]], "centroids": [[5808.232778749196, 1189.1912974091247, 0.0]], "h": 18.0}, "mtl": {"idx": 0,