{"type": "block", "layer": 7, "block": 150, "features": [{"geom": {"triangles": {"v": [-2996.6630642252276, -4150.905551362783, 0.0, -3000.5380642252276, -4155.905551362783, 0.0, -2990.9130642252276, -4162.905551362783, 0.0, -2986.6005642252276, -4156.905551362783, 0.0, -2985.9755642252276, -4136.905551362783, 0.0, -2998.5380642252276, -4148.405551362783, 0.0, -2987.9130642252276, -4135.405551362783, 0.0, -2975.6630642252276, -4143.905551362783, 0.0, -2983.0380642252276, -4159.405551362783, 0.0], "f": [0, 1, 2, 0, 2, 3, 0, 3, 4, 5, 0, 4, 6, 5, 4, 4, 3, 7, 3, 8, 7]}, "centroids": [[-2988.1242170032347, -4149.214641408995, 0.0]]}, "mtl": {"idx": 0}}, {"geom": {"triangles": {"v": [-2753.6005642252276, -4381.405551362783, 0.0, -2759.5380642252276, -4388.905551362783, 0.0, -2752.8505642252276, -4393.405551362783, 0.0, -2746.7255642252276, -4385.405551362783, 0.0, -2749.5380642252276, -4395.405551362783, 0.0, -2740.2880642252276, -4398.905551362783, 0.0, -2730.3505642252276, -4395.905551362783, 0.0, -2730.2880642252276, -4395.905551362783, 0.0, -2730.7880642252276, -4400.405551362783, 0.0], "f": [0, 1, 2, 0, 2, 3, 2, 4, 3, 3, 4, 5, 3, 5, 6, 6, 5, 7, 5, 8, 7]}, "centroids": [[-2745.211908653844, -4391.722328009084, 0.0]]}, "mtl": {"idx": 0}}, {"geom": {"triangles": {"v": [-2778.9755642252276, -4220.905551362783, 0.0, -2776.4755642252276, -4222.405551362783, 0.0, -2774.6630642252276, -4213.905551362783, 0.0, -2770.4130642252276, -4216.405551362783, 0.0, -2775.2255642252276, -4224.905551362783, 0.0, -2777.4130642252276, -4223.905551362783, 0.0, -2761.1005642252276, -4225.405551362783, 0.0, -2759.6630642252276, -4223.405551362783, 0.0, -2764.9130642252276, -4231.405551362783, 0.0], "f": [0, 1, 2, 2, 1, 3, 1, 4, 3, 1, 5, 4, 3, 4, 6, 3, 6, 7, 4, 8, 6]}, "centroids": [[-2769.5341876695165, -4222.781935446896, 0.0]]}, "mtl": {"idx": 0}}, {"geom": {"triangles": {"v": [-2909.3505642252276, -4968.405551362783, 0.0, -2904.1005642252276, -4973.405551362783, 0.0, -2902.7880642252276, -4960.905551362783, 0.0, -2893.5380642252276, -4969.405551362783, 0.0, -2899.9755642252276, -4976.905551362783, 0.0, -2908.2255642252276, -4977.905551362783, 0.0, -2903.5380642252276, -4981.905551362783, 0.0, -2895.8505642252276, -4980.405551362783, 0.0, -2901.1005642252276, -4986.405551362783, 0.0, -2904.6005642252276, -4982.905551362783, 0.0], "f": [0, 1, 2, 3, 2, 1, 3, 1, 4, 1, 5, 4, 5, 6, 4, 4, 6, 7, 6, 8, 7, 6, 9, 8]}, "centroids": [[-2901.681707040756, -4973.019031823613, 0.0]]}, "mtl": {"idx": 0}}, {"geom": {"triangles": {"v": [-3069.6630642252276, -4414.905551362783, 0.0, -3074.5380642252276, -4420.905551362783, 0.0, -3066.1630642252276, -4427.905551362783, 0.0, -3057.6630642252276, -4417.405551362783, 0.0, -3068.8505642252276, -4407.905551362783, 0.0, -3072.6005642252276, -4412.905551362783, 0.0, -3064.0380642252276, -4401.905551362783, 0.0, -3071.6005642252276, -4405.905551362783, 0.0, -3066.5380642252276, -4399.905551362783, 0.0, -3051.2880642252276, -4409.405551362783, 0.0, -3062.6630642252276, -4400.405551362783, 0.0], "f": [0, 1, 2, 3, 0, 2, 4, 0, 3, 5, 0, 4, 6, 4, 3, 7, 4, 6, 8, 7, 6, 9, 6, 3, 10, 6, 9]}, "centroids": [[-3063.847746083862, -4413.011250074953, 0.0]]}, "mtl": {"idx": 0}}, {"geom": {"triangles": {"v": [-2886.2880642252276, -4745.905551362783, 0.0, -2892.9755642252276, -4751.405551362783, 0.0, -2876.8505642252276, -4757.405551362783, 0.0, -2883.6630642252276, -4762.905551362783, 0.0], "f": [0, 1, 2, 1, 3, 2]}, "centroids": [[-2884.926982574165, -4754.5588285289705, 0.0]]}, "mtl": {"idx": 0}}, {"geom": {"triangles": {"v": [-3006.8505642252276, -4500.405551362783, 0.0, -3010.4755642252276, -4503.905551362783, 0.0, -3004.1005642252276, -4502.905551362783, 0.0, -3007.7880642252276, -4506.905551362783, 0.0], "f": [0, 1, 2, 1, 3, 2]}, "centroids": [[-3007.2988716366235, -4503.539589449763, 0.0]]}, "mtl": {"idx": 0}}, {"geom": {"triangles": {"v": [-2965.1005642252276, -4824.405551362783, 0.0, -2974.2255642252276, -4839.905551362783, 0.0, -2945.9130642252276, -4836.405551362783, 0.0, -2955.0380642252276, -4851.405551362783, 0.0], "f": [0, 1, 2, 1, 3, 2]}, "centroids": [[-2960.067041686387, -4837.993133999407, 0.0]]}, "mtl": {"idx": 0}}, {"geom": {"triangles": {"v": [-2093.2255642252276, -4420.405551362783, 0.0, -2105.2255642252276, -4428.905551362783, 0.0, -2083.4130642252276, -4434.405551362783, 0.0, -2095.4130642252276, -4442.905551362783, 0.0], "f": [0, 1, 2, 1, 3, 2]}, "centroids": [[-2094.332432237803, -4431.505992919207, 0.0]]}, "mtl": {"idx": 0}}, {"geom": {"triangles": {"v": [-2304.7880642252276, -4561.405551362783, 0.0, -2310.7255642252276, -4565.405551362783, 0.0, -2302.3505642252276, -4577.405551362783, 0.0, -2295.6630642252276, -4573.405551362783, 0.0], "f": [0, 1, 2, 0, 2, 3]}, "centroids": [[-2303.3167267255485, -4569.352026139386, 0.0]]}, "mtl": {"idx": 0}}, {"geom": {"triangles": {"v": [-2886.6005642252276, -4815.405551362783, 0.0, -2893.1630642252276, -4820.905551362783, 0.0, -2883.1630642252276, -4819.405551362783, 0.0, -2889.7880642252276, -4825.405551362783, 0.0], "f": [0, 1, 2, 1, 3, 2]}, "centroids": [[-2888.187777284882, -4820.2669521076605, 0.0]]}, "mtl": {"idx": 0}}, {"geom": {"triangles": {"v": [-3007.4755642252276, -4481.905551362783, 0.0, -3014.6630642252276, -4489.905551362783, 0.0, -3003.8505642252276, -4485.405551362783, 0.0, -3011.1005642252276, -4492.905551362783, 0.0], "f": [0, 1, 2, 1, 3, 2]}, "centroids": [[-3009.270817659097, -4487.637662035413, 0.0]]}, "mtl": {"idx": 0}}, {"geom": {"triangles": {"v": [-2611.4755642252276, -4779.405551362783, 0.0, -2618.7255642252276, -4785.405551362783, 0.0, -2609.6005642252276, -4796.905551362783, 0.0, -2596.4130642252276, -4786.405551362783, 0.0, -2605.5380642252276, -4774.905551362783, 0.0], "f": [0, 1, 2, 0, 2, 3, 4, 0, 3]}, "centroids": [[-2607.5729172453284, -4785.829064268619, 0.0]]}, "mtl": {"idx": 0}}, {"geom": {"triangles": {"v": [-2116.1630642252276, -4463.905551362783, 0.0, -2129.1005642252276, -4473.405551362783, 0.0, -2103.4755642252276, -4481.905551362783, 0.0, -2116.3505642252276, -4491.405551362783, 0.0], "f": [0, 1, 2, 1, 3, 2]}, "centroids": [[-2116.2754211297724, -4477.640314307995, 0.0]]}, "mtl": {"idx": 0}}, {"geom": {"triangles": {"v": [-3064.1005642252276, -4819.905551362783, 0.0, -3068.9755642252276, -4827.905551362783, 0.0, -3055.9755642252276, -4824.405551362783, 0.0, -3060.8505642252276, -4832.905551362783, 0.0], "f": [0, 1, 2, 1, 3, 2]}, "centroids": [[-3062.459656836232, -4826.264431195334, 0.0]]}, "mtl": {"idx": 0}}, {"geom": {"triangles": {"v": [-2631.2255642252276, -4762.405551362783, 0.0, -2638.8505642252276, -4768.405551362783, 0.0, -2625.9755642252276, -4769.405551362783, 0.0, -2633.6005642252276, -4775.405551362783, 0.0], "f": [0, 1, 2, 1, 3, 2]}, "centroids": [[-2632.436052247649, -4768.990204231814, 0.0]]}, "mtl": {"idx": 0}}, {"geom": {"triangles": {"v": [-3025.1630642252276, -4823.905551362783, 0.0, -3029.9130642252276, -4821.405551362783, 0.0, -3032.9130642252276, -4826.905551362783, 0.0, -3028.1630642252276, -4829.905551362783, 0.0], "f": [0, 1, 2, 0, 2, 3]}, "centroids": [[-3029.0234473255696, -4825.596542421728, 0.0]]}, "mtl": {"idx": 0}}, {"geom": {"triangles": {"v": [-2840.6005642252276, -4412.405551362783, 0.0, -2851.5380642252276, -4423.905551362783, 0.0, -2830.7255642252276, -4421.905551362783, 0.0, -2841.9755642252276, -4433.405551362783, 0.0], "f": [0, 1, 2, 1, 3, 2]}, "centroids": [[-2841.1700995030114, -4422.868837721646, 0.0]]}, "mtl": {"idx": 0}}, {"geom": {"triangles": {"v": [-2883.6630642252276, -4762.905551362783, 0.0, -2891.6005642252276, -4769.405551362783, 0.0, -2876.9130642252276, -4771.405551362783, 0.0, -2884.7880642252276, -4777.905551362783, 0.0], "f": [0, 1, 2, 1, 3, 2]}, "centroids": [[-2884.2388690636726, -4770.487933928147, 0.0]]},