{"type": "block", "layer": 7, "block": 185, "features": [{"geom": {"polygons": [[[[3252.7471271182876, -997.8090638704598], [3251.422425177763, -1000.9268864067271], [3253.403912113863, -1001.7709376122802], [3252.1905296643963, -1004.6303757522255], [3249.7192369686672, -1003.5796184772626], [3248.2164238429395, -1007.093625898473], [3231.9415142890066, -1000.6512778317556], [3236.650328749558, -990.9016186408699], [3237.830315351952, -991.4011597586796], [3252.7471271182876, -997.8090638704598]]]], "centroids": [[3242.692341509741, -999.2170983143151, 0.0]], "h": 0.0}, "mtl": {"idx": 0, "edge": 1}}, {"geom": {"polygons": [[[[3333.2311189618194, -865.5503052743152], [3334.5335570040625, -862.3463031314313], [3336.782210718142, -863.3281748862937], [3338.9195449413965, -858.4188149571419], [3351.5654390953714, -863.5865621706471], [3348.938299112837, -870.0634675007313], [3356.931038551731, -873.3191440822557], [3356.007086778176, -875.6446265773848], [3351.1090291832807, -873.939272810705], [3347.179451158154, -872.2855960987508], [3347.5356735287933, -871.407080212608], [3333.2311189618194, -865.5503052743152]]]], "centroids": [[3344.438388024573, -866.2429951820523, 0.0]], "h": 0.0}, "mtl": {"idx": 0, "edge": 1}}, {"geom": {"polygons": [[[[3276.3579911155393, -1044.5246034525335], [3285.2412864807993, -1039.8392808809876], [3285.25241842994, -1037.9961569420993], [3295.7498464117525, -1041.3723462745547], [3293.2674217671156, -1045.79928634502], [3287.567863838398, -1055.9622916411608], [3301.816758659901, -1062.5768511621282], [3296.5736106436234, -1073.9800638761371], [3294.213637438719, -1079.0960016865283], [3264.7696321238764, -1064.3338426547125], [3269.211279806681, -1056.7374356044456], [3276.3579911155393, -1044.5246034525335]]]], "centroids": [[3284.0370559096336, -1059.2678961846977, 0.0]], "h": 0.0}, "mtl": {"idx": 0, "edge": 1}}, {"geom": {"polygons": [[[[3260.2500607977854, -1074.2212192649022], [3262.1424921412254, -1070.2077036872506], [3272.294829701539, -1075.04803768266], [3270.402398358099, -1079.0615509357303], [3274.799518244341, -1081.145821005106], [3270.6918290341273, -1089.8274031430483], [3266.0164104208816, -1087.6053323848173], [3264.613784836838, -1090.5853186175227], [3254.9623849850614, -1085.3660356719047], [3257.4002818334848, -1079.5094106644392], [3255.6748297261074, -1078.6825926853344], [3258.2463099635206, -1073.2565976716578], [3260.2500607977854, -1074.2212192649022]]]], "centroids": [[3264.555820813286, -1080.875591889955, 0.0]], "h": 0.0}, "mtl": {"idx": 0, "edge": 1}}, {"geom": {"polygons": [[[[3307.6053721811622, -1050.3295766711235], [3323.679906651727, -1057.3230998879299], [3320.440509469714, -1064.8161539798602], [3304.3548430500086, -1057.8226370364428], [3307.6053721811622, -1050.3295766711235]]]], "centroids": [[3314.0192708102986, -1057.5729132788256, 0.0]], "h": 0.0}, "mtl": {"idx": 0, "edge": 1}}, {"geom": {"polygons": [[[[3262.52097841003, -1005.9395157806575], [3256.0978437911253, -1003.3901376444846], [3257.366885986179, -1000.168962802738], [3263.8011525539914, -1002.7183419233188], [3262.52097841003, -1005.9395157806575]]]], "centroids": [[3259.947508639423, -1003.0540893599391, 0.0]], "h": 0.0}, "mtl": {"idx": 0, "edge": 1}}, {"geom": {"polygons": [[[[3269.211279806681, -1056.7374356044456], [3264.7696321238764, -1064.3338426547125], [3249.2071673109895, -1055.428303534165], [3253.181273132446, -1048.2452989183366], [3269.211279806681, -1056.7374356044456]]]], "centroids": [[3259.1872378821718, -1056.229430705309, 0.0]], "h": 0.0}, "mtl": {"idx": 0, "edge": 1}}, {"geom": {"polygons": [[[[3257.6229208151344, -1105.3474312815815], [3270.8142804739764, -1111.3073900332674], [3267.1073414306156, -1119.5755338650197], [3253.9048498225166, -1113.6328063122928], [3257.6229208151344, -1105.3474312815815]]]], "centroids": [[3262.359822649625, -1112.4648293238133, 0.0]], "h": 0.0}, "mtl": {"idx": 0, "edge": 1}}, {"geom": {"polygons": [[[[3212.872485516127, -1116.147700227797], [3215.922639563796, -1109.0336490450427], [3221.6444613906788, -1111.4968684213236], [3251.19978619623, -1124.157460049726], [3248.149632148561, -1131.2714983588085], [3212.872485516127, -1116.147700227797]]]], "centroids": [[3232.0376133100362, -1120.1557581052184, 0.0]], "h": 0.0}, "mtl": {"idx": 0, "edge": 1}}, {"geom": {"polygons": [[[[3313.883791461936, -1091.9288958776742], [3317.4794110145885, -1083.5401471378282], [3328.455512806773, -1088.27712128032], [3324.8598932542372, -1096.665865264833], [3313.883791461936, -1091.9288958776742]]]], "centroids": [[3321.1696517438395, -1090.1030070912093, 0.0]], "h": 0.0}, "mtl": {"idx": 0, "edge": 1}}, {"geom": {"polygons": [[[[3272.8180313083576, -1133.011250147596], [3281.4007640484488, -1136.4390768688172], [3274.4544278229587, -1154.181072103791], [3266.03867431893, -1150.4087481135502], [3272.8180313083576, -1133.011250147596]]]], "centroids": [[3273.6942082725, -1143.5113287689164, 0.0]], "h": 0.0}, "mtl": {"idx": 0, "edge": 1}}, {"geom": {"polygons": [[[[3304.9114405040164, -961.3769629551098], [3302.9299535679165, -966.6996769662946], [3279.441541010514, -957.8629363123327], [3281.434159895638, -952.5574423084036], [3304.9114405040164, -961.3769629551098]]]], "centroids": [[3292.183373642736, -959.6261273017153, 0.0]], "h": 0.0}, "mtl": {"idx": 0, "edge": 1}}, {"geom": {"polygons": [[[[3336.782210718142, -837.7305682748556], [3334.444501411519, -843.2772972229868], [3322.633503438323, -838.5918618319556], [3324.98234469397, -832.5800309563056], [3336.782210718142, -837.7305682748556]]]], "centroids": [[3329.644743740093, -838.0102489450946, 0.0]], "h": 0.0}, "mtl": {"idx": 0, "edge": 1}}, {"geom": {"polygons": [[[[3332.5186742207734, -1106.5876542609185], [3334.0882790408796, -1102.7119568362832], [3343.2387411840027, -1106.4498517187312], [3341.6580044148723, -1110.3255474111065], [3332.5186742207734, -1106.5876542609185]]]], "centroids": [[3337.876828681212, -1106.5187288681045, 0.0]], "h": 0.0}, "mtl": {"idx": 0, "edge": 1}}, {"geom": {"polygons": [[[[3412.668707591947, -893.0943375509232], [3454.9478501952253, -906.0480974577367], [3453.500696814852, -916.417981211096], [3412.4794644574868, -902.9819167405367], [3412.668707591947, -893.0943375509232]]]], "centroids": [[3433.695425802376, -904.704732330516, 0.0]], "h": 0.0}, "mtl": {"idx": 0, "edge": 1}}, {"geom": {"polygons": [[[[3351.1090291832807, -873.939272810705], [3356.007086778176, -875.6446265773848], [3353.0237244248856, -883.6201653350145], [3348.147930728155, -881.7425553826615], [3351.1090291832807, -873.939272810705]]]], "centroids": [[3352.0782271596836, -878.7446941016242, 0.0]], "h": 0.0}, "mtl": {"idx": 0, "edge": 1}}, {"geom": {"polygons": [[[[3315.6092435693135, -977.0178087120876], [3324.837629355956, -980.1528645819053], [3321.820871155476, -989.0929350312799], [3312.581353419693, -985.9578825114295], [3315.6092435693135, -977.0178087120876]]]], "centroids": [[3318.7117099630414, -983.0560791315511, 0.0]], "h": 0.0}, "mtl": {"idx": 0, "edge": 1}}, {"geom": {"polygons": [[[[3266.03867431893, -1150.4087481135502], [3274.4544278229587, -1154.181072103791], [3267.830918120686, -1169.0636487687007], [3259.415164616774, -1165.2913314960897], [3266.03867431893, -1150.4087481135502]]]], "centroids": [[3266.934796119458, -1159.7361996341497, 0.0]], "h": 0.0}, "mtl": {"idx": 0, "edge": 1}}, {"geom": {"polygons": [[[[3302.9299535679165, -966.6996769662946], [3304.9114405040164, -961.3769629551098], [3309.865157844266, -963.0133964251727], [3307.783483366482, -968.4050118075684], [3302.9299535679165, -966.6996769662946]]]], "centroids": [[3306.381733394577, -964.8701629294083, 0.0]], "h": 0.0}, "mtl": {"idx": 0, "edge": 1}}, {"geom": {"polygons": [[[[3293.868547017337, -981.8237455273047], [3295.7053186154226, -975.7775665037334], [3308.9300741216866, -979.7566762678325], [3307.850275060977, -985.0104763014242], [3293.868547017337, -981.8237455273047]]]],