{"type": "block", "layer": 7, "block": 185, "features": [{"geom": {"triangles": {"v": [3236.6494357747724, -990.9055513627827, 0.0, 3231.9619357747724, -1000.4055513627827, 0.0, 3237.8369357747724, -991.4055513627827, 0.0, 3249.7119357747724, -1003.4055513627827, 0.0, 3251.3994357747724, -1000.9055513627827, 0.0, 3252.7744357747724, -997.9055513627827, 0.0, 3252.2119357747724, -1004.4055513627827, 0.0, 3253.3994357747724, -1001.9055513627827, 0.0, 3248.2119357747724, -1006.9055513627827, 0.0], "f": [0, 1, 2, 3, 2, 1, 2, 3, 4, 2, 4, 5, 4, 3, 6, 7, 4, 6, 3, 1, 8]}, "centroids": [[3242.692341509741, -999.2170983143151, 0.0]]}, "mtl": {"idx": 0}}, {"geom": {"triangles": {"v": [3334.5244357747724, -862.4055513627827, 0.0, 3333.2119357747724, -865.4055513627827, 0.0, 3336.7744357747724, -863.4055513627827, 0.0, 3347.5244357747724, -871.4055513627827, 0.0, 3348.9619357747724, -869.9055513627827, 0.0, 3351.5869357747724, -863.4055513627827, 0.0, 3338.8994357747724, -858.4055513627827, 0.0, 3351.0869357747724, -873.9055513627827, 0.0, 3356.9619357747724, -873.4055513627827, 0.0, 3356.0244357747724, -875.4055513627827, 0.0, 3347.1494357747724, -872.4055513627827, 0.0], "f": [0, 1, 2, 2, 1, 3, 2, 3, 4, 2, 4, 5, 6, 2, 5, 4, 3, 7, 8, 4, 7, 8, 7, 9, 3, 10, 7]}, "centroids": [[3344.438388024573, -866.2429951820523, 0.0]]}, "mtl": {"idx": 0}}, {"geom": {"triangles": {"v": [3287.5869357747724, -1055.9055513627827, 0.0, 3269.2119357747724, -1056.9055513627827, 0.0, 3264.7744357747724, -1064.4055513627827, 0.0, 3276.3369357747724, -1044.4055513627827, 0.0, 3285.2119357747724, -1039.9055513627827, 0.0, 3293.2744357747724, -1045.9055513627827, 0.0, 3295.7744357747724, -1041.4055513627827, 0.0, 3285.2744357747724, -1037.9055513627827, 0.0, 3294.2119357747724, -1078.9055513627827, 0.0, 3296.5869357747724, -1073.9055513627827, 0.0, 3301.8369357747724, -1062.4055513627827, 0.0], "f": [0, 1, 2, 3, 1, 0, 4, 3, 0, 5, 4, 0, 4, 5, 6, 7, 4, 6, 0, 2, 8, 8, 9, 0, 10, 0, 9]}, "centroids": [[3284.0370559096336, -1059.2678961846977, 0.0]]}, "mtl": {"idx": 0}}, {"geom": {"triangles": {"v": [3257.3994357747724, -1079.4055513627827, 0.0, 3254.9619357747724, -1085.4055513627827, 0.0, 3266.0244357747724, -1087.4055513627827, 0.0, 3270.3994357747724, -1078.9055513627827, 0.0, 3260.2744357747724, -1074.4055513627827, 0.0, 3258.2744357747724, -1073.4055513627827, 0.0, 3255.6494357747724, -1078.9055513627827, 0.0, 3272.2744357747724, -1074.9055513627827, 0.0, 3262.1494357747724, -1070.4055513627827, 0.0, 3270.7119357747724, -1089.9055513627827, 0.0, 3274.7744357747724, -1080.9055513627827, 0.0, 3264.5869357747724, -1090.4055513627827, 0.0], "f": [0, 1, 2, 0, 2, 3, 4, 0, 3, 5, 0, 4, 6, 0, 5, 4, 3, 7, 8, 4, 7, 3, 2, 9, 10, 3, 9, 1, 11, 2]}, "centroids": [[3264.555820813286, -1080.875591889955, 0.0]]}, "mtl": {"idx": 0}}, {"geom": {"triangles": {"v": [3307.5869357747724, -1050.4055513627827, 0.0, 3304.3369357747724, -1057.9055513627827, 0.0, 3323.6494357747724, -1057.4055513627827, 0.0, 3320.4619357747724, -1064.9055513627827, 0.0], "f": [0, 1, 2, 1, 3, 2]}, "centroids": [[3314.0192708102986, -1057.5729132788256, 0.0]]}, "mtl": {"idx": 0}}, {"geom": {"triangles": {"v": [3263.7744357747724, -1002.9055513627827, 0.0, 3257.3369357747724, -1000.4055513627827, 0.0, 3256.0869357747724, -1003.4055513627827, 0.0, 3262.5244357747724, -1005.9055513627827, 0.0], "f": [0, 1, 2, 0, 2, 3]}, "centroids": [[3259.947508639423, -1003.0540893599391, 0.0]]}, "mtl": {"idx": 0}}, {"geom": {"triangles": {"v": [3253.2119357747724, -1048.4055513627827, 0.0, 3249.2119357747724, -1055.4055513627827, 0.0, 3264.7744357747724, -1064.4055513627827, 0.0, 3269.2119357747724, -1056.9055513627827, 0.0], "f": [0, 1, 2, 0, 2, 3]}, "centroids": [[3259.1872378821718, -1056.229430705309, 0.0]]}, "mtl": {"idx": 0}}, {"geom": {"triangles": {"v": [3257.6494357747724, -1105.4055513627827, 0.0, 3253.8994357747724, -1113.4055513627827, 0.0, 3270.8369357747724, -1111.4055513627827, 0.0, 3267.0869357747724, -1119.4055513627827, 0.0], "f": [0, 1, 2, 1, 3, 2]}, "centroids": [[3262.359822649625, -1112.4648293238133, 0.0]]}, "mtl": {"idx": 0}}, {"geom": {"triangles": {"v": [3215.8994357747724, -1108.9055513627827, 0.0, 3212.8994357747724, -1115.9055513627827, 0.0, 3221.6494357747724, -1111.4055513627827, 0.0, 3248.1494357747724, -1131.4055513627827, 0.0, 3251.2119357747724, -1124.4055513627827, 0.0], "f": [0, 1, 2, 2, 1, 3, 2, 3, 4]}, "centroids": [[3232.0376133100362, -1120.1557581052184, 0.0]]}, "mtl": {"idx": 0}}, {"geom": {"triangles": {"v": [3317.4619357747724, -1083.4055513627827, 0.0, 3313.8994357747724, -1091.9055513627827, 0.0, 3328.4619357747724, -1088.4055513627827, 0.0, 3324.8369357747724, -1096.9055513627827, 0.0], "f": [0, 1, 2, 1, 3, 2]}, "centroids": [[3321.1696517438395, -1090.1030070912093, 0.0]]}, "mtl": {"idx": 0}}, {"geom": {"triangles": {"v": [3272.8369357747724, -1132.9055513627827, 0.0, 3266.0244357747724, -1150.4055513627827, 0.0, 3281.3994357747724, -1136.4055513627827, 0.0, 3274.4619357747724, -1154.4055513627827, 0.0], "f": [0, 1, 2, 1, 3, 2]}, "centroids": [[3273.6942082725, -1143.5113287689164, 0.0]]}, "mtl": {"idx": 0}}, {"geom": {"triangles": {"v": [3281.4619357747724, -952.4055513627827, 0.0, 3279.4619357747724, -957.9055513627827, 0.0, 3304.8994357747724, -961.4055513627827, 0.0, 3302.8994357747724, -966.9055513627827, 0.0], "f": [0, 1, 2, 1, 3, 2]}, "centroids": [[3292.183373642736, -959.6261273017153, 0.0]]}, "mtl": {"idx": 0}}, {"geom": {"triangles": {"v": [3336.7744357747724, -837.9055513627827, 0.0, 3324.9619357747724, -832.4055513627827, 0.0, 3322.6494357747724, -838.4055513627827, 0.0, 3334.4619357747724, -843.4055513627827, 0.0], "f": [0, 1, 2, 0, 2, 3]}, "centroids": [[3329.644743740093, -838.0102489450946, 0.0]]}, "mtl": {"idx": 0}}, {"geom": {"triangles": {"v": [3334.0869357747724, -1102.9055513627827, 0.0, 3332.5244357747724, -1106.4055513627827, 0.0, 3343.2119357747724, -1106.4055513627827, 0.0, 3341.6494357747724, -1110.4055513627827, 0.0], "f": [0, 1, 2, 1, 3, 2]}, "centroids": [[3337.876828681212, -1106.5187288681045, 0.0]]}, "mtl": {"idx": 0}}, {"geom": {"triangles": {"v": [3412.6494357747724, -892.9055513627827, 0.0, 3412.4619357747724, -902.9055513627827, 0.0, 3454.9619357747724, -905.9055513627827, 0.0, 3453.5244357747724, -916.4055513627827, 0.0], "f": [0, 1, 2, 1, 3, 2]}, "centroids": [[3433.695425802376, -904.704732330516, 0.0]]}, "mtl": {"idx": 0}}, {"geom": {"triangles": {"v": [3351.0869357747724, -873.9055513627827, 0.0, 3348.1494357747724, -881.9055513627827, 0.0, 3353.0244357747724, -883.4055513627827, 0.0, 3356.0244357747724, -875.4055513627827, 0.0], "f": [0, 1, 2, 3, 0, 2]}, "centroids": [[3352.0782271596836, -878.7446941016242, 0.0]]}, "mtl": {"idx": 0}}, {"geom": {"triangles": {"v": [3315.5869357747724, -976.9055513627827, 0.0, 3312.5869357747724, -985.9055513627827, 0.0, 3324.8369357747724, -979.9055513627827, 0.0, 3321.8369357747724, -988.9055513627827, 0.0], "f": [0, 1, 2, 1, 3, 2]}, "centroids": [[3318.7117099630414, -983.0560791315511, 0.0]]}, "mtl": {"idx": 0}}, {"geom": {"triangles": {"v": [3266.0244357747724, -1150.4055513627827, 0.0, 3259.3994357747724, -1165.4055513627827, 0.0, 3274.4619357747724, -1154.4055513627827, 0.0, 3267.8369357747724, -1168.9055513627827, 0.0], "f": [0, 1, 2, 1, 3, 2]}, "centroids": [[3266.934796119458, -1159.7361996341497, 0.0]]}, "mtl": {"idx": 0}}, {"geom": {"triangles": {"v": [3304.8994357747724, -961.4055513627827, 0.0, 3302.8994357747724, -966.9055513627827, 0.0, 3307.7744357747724, -968.4055513627827, 0.0, 3309.8369357747724, -962.9055513627827, 0.0], "f": [0, 1, 2, 0, 2, 3]}, "centroids": [[3306.381733394577, -964.8701629294083, 0.0]]}, "mtl": {"idx": 0}}, {"geom": {"triangles": {"v": [3295.7119357747724, -975.9055513627827, 0.0, 3293.8994357747724, -981.9055513627827, 0.0, 3308.8994357747724, -979.9055513627827, 0.0, 3307.8369357747724, -984.9055513627827, 0.0], "f": [0, 1, 2, 1, 3, 2]},