{"type": "block", "layer": 7, "block": 4, "features": [{"geom": {"triangles": {"v": [5209.461935774772, 1003.5944486372173, 0.0, 5211.336935774772, 1002.5944486372173, 0.0, 5213.649435774772, 1010.0944486372173, 0.0, 5215.149435774772, 1009.0944486372173, 0.0, 5218.586935774772, 997.5944486372173, 0.0, 5231.774435774772, 1000.0944486372173, 0.0, 5218.524435774772, 1014.0944486372173, 0.0, 5238.399435774772, 1007.5944486372173, 0.0, 5226.649435774772, 1023.0944486372173, 0.0, 5217.274435774772, 1029.5944486372173, 0.0, 5210.274435774772, 1021.0944486372173, 0.0, 5218.211935774772, 1031.0944486372173, 0.0, 5245.774435774772, 1015.5944486372173, 0.0, 5248.461935774772, 1047.0944486372173, 0.0, 5262.649435774772, 1034.5944486372173, 0.0, 5226.774435774772, 992.0944486372173, 0.0], "f": [0, 1, 2, 2, 1, 3, 3, 1, 4, 3, 4, 5, 6, 3, 5, 6, 5, 7, 8, 6, 7, 9, 6, 8, 9, 10, 6, 11, 9, 8, 8, 7, 12, 8, 12, 13, 13, 12, 14, 4, 15, 5]}, "centroids": [[5234.326007440337, 1019.8374381028116, 0.0]]}, "mtl": {"idx": 0}}, {"geom": {"triangles": {"v": [5362.399435774772, 1025.5944486372173, 0.0, 5362.899435774772, 1025.0944486372173, 0.0, 5368.086935774772, 1036.5944486372173, 0.0, 5372.461935774772, 1034.5944486372173, 0.0, 5383.274435774772, 1014.5944486372173, 0.0, 5391.461935774772, 1030.5944486372173, 0.0, 5374.961935774772, 1039.0944486372173, 0.0], "f": [0, 1, 2, 2, 1, 3, 3, 1, 4, 3, 4, 5, 6, 3, 5]}, "centroids": [[5377.285469470313, 1027.4486109986901, 0.0]]}, "mtl": {"idx": 0}}, {"geom": {"triangles": {"v": [5226.024435774772, 1118.5944486372173, 0.0, 5215.524435774772, 1105.0944486372173, 0.0, 5228.586935774772, 1117.0944486372173, 0.0, 5216.774435774772, 1101.5944486372173, 0.0, 5237.336935774772, 1110.5944486372173, 0.0, 5239.836935774772, 1106.0944486372173, 0.0, 5231.211935774772, 1090.5944486372173, 0.0, 5236.149435774772, 1114.0944486372173, 0.0, 5233.211935774772, 1119.0944486372173, 0.0, 5240.524435774772, 1116.0944486372173, 0.0], "f": [0, 1, 2, 2, 1, 3, 3, 4, 2, 4, 3, 5, 3, 6, 5, 7, 2, 4, 8, 2, 7, 7, 4, 9]}, "centroids": [[5228.494531782344, 1105.8381545068696, 0.0]]}, "mtl": {"idx": 0}}, {"geom": {"triangles": {"v": [5152.274435774772, 918.0944486372173, 0.0, 5150.024435774772, 916.5944486372173, 0.0, 5160.336935774772, 904.5944486372173, 0.0, 5169.836935774772, 923.5944486372173, 0.0, 5165.774435774772, 931.0944486372173, 0.0, 5150.649435774772, 921.5944486372173, 0.0, 5171.649435774772, 926.0944486372173, 0.0, 5173.649435774772, 919.5944486372173, 0.0], "f": [0, 1, 2, 3, 0, 2, 4, 0, 3, 5, 0, 4, 4, 3, 6, 7, 3, 2]}, "centroids": [[5161.852953067049, 918.6035197302699, 0.0]]}, "mtl": {"idx": 0}}, {"geom": {"triangles": {"v": [5479.274435774772, 1011.5944486372173, 0.0, 5466.149435774772, 992.5944486372173, 0.0, 5496.024435774772, 1000.0944486372173, 0.0, 5482.899435774772, 981.0944486372173, 0.0], "f": [0, 1, 2, 1, 3, 2]}, "centroids": [[5481.090599542134, 996.2250169971958, 0.0]]}, "mtl": {"idx": 0}}, {"geom": {"triangles": {"v": [5390.274435774772, 1069.0944486372173, 0.0, 5374.961935774772, 1039.0944486372173, 0.0, 5391.461935774772, 1030.5944486372173, 0.0, 5406.836935774772, 1061.0944486372173, 0.0], "f": [0, 1, 2, 0, 2, 3]}, "centroids": [[5390.87728455523, 1050.0334028964862, 0.0]]}, "mtl": {"idx": 0}}, {"geom": {"triangles": {"v": [5280.836935774772, 1135.5944486372173, 0.0, 5279.711935774772, 1124.5944486372173, 0.0, 5282.774435774772, 1125.5944486372173, 0.0, 5297.211935774772, 1132.5944486372173, 0.0, 5295.961935774772, 1122.5944486372173, 0.0], "f": [0, 1, 2, 0, 2, 3, 2, 4, 3]}, "centroids": [[5288.544622486108, 1129.1210586735979, 0.0]]}, "mtl": {"idx": 0}}, {"geom": {"triangles": {"v": [5524.211935774772, 984.5944486372173, 0.0, 5512.149435774772, 968.5944486372173, 0.0, 5541.211935774772, 972.0944486372173, 0.0, 5529.086935774772, 955.5944486372173, 0.0], "f": [0, 1, 2, 1, 3, 2]}, "centroids": [[5526.65413888183, 970.1509061893448, 0.0]]}, "mtl": {"idx": 0}}, {"geom": {"triangles": {"v": [5424.586935774772, 839.5944486372173, 0.0, 5401.961935774772, 812.0944486372173, 0.0, 5438.086935774772, 828.0944486372173, 0.0, 5415.461935774772, 801.0944486372173, 0.0], "f": [0, 1, 2, 1, 3, 2]}, "centroids": [[5420.004031086108, 820.2001322703436, 0.0]]}, "mtl": {"idx": 0}}, {"geom": {"triangles": {"v": [5444.274435774772, 879.0944486372173, 0.0, 5435.461935774772, 866.5944486372173, 0.0, 5457.524435774772, 863.5944486372173, 0.0, 5460.149435774772, 867.5944486372173, 0.0, 5456.461935774772, 851.5944486372173, 0.0, 5462.711935774772, 860.0944486372173, 0.0], "f": [0, 1, 2, 0, 2, 3, 1, 4, 2, 2, 4, 5]}, "centroids": [[5449.52078381076, 865.3687065578997, 0.0]]}, "mtl": {"idx": 0}}, {"geom": {"triangles": {"v": [5547.899435774772, 1030.0944486372173, 0.0, 5537.586935774772, 1012.0944486372173, 0.0, 5556.211935774772, 1001.5944486372173, 0.0, 5566.461935774772, 1019.5944486372173, 0.0], "f": [0, 1, 2, 0, 2, 3]}, "centroids": [[5552.034510505386, 1015.7720794966444, 0.0]]}, "mtl": {"idx": 0}}, {"geom": {"triangles": {"v": [5239.649435774772, 676.0944486372173, 0.0, 5224.899435774772, 664.5944486372173, 0.0, 5252.336935774772, 660.5944486372173, 0.0, 5237.586935774772, 648.5944486372173, 0.0], "f": [0, 1, 2, 1, 3, 2]}, "centroids": [[5238.6441911457805, 662.4763543363661, 0.0]]}, "mtl": {"idx": 0}}, {"geom": {"triangles": {"v": [5480.086935774772, 928.0944486372173, 0.0, 5470.336935774772, 915.0944486372173, 0.0, 5486.024435774772, 924.0944486372173, 0.0, 5488.649435774772, 910.0944486372173, 0.0, 5491.961935774772, 918.5944486372173, 0.0, 5493.961935774772, 921.5944486372173, 0.0, 5487.649435774772, 926.0944486372173, 0.0, 5502.149435774772, 911.5944486372173, 0.0, 5496.836935774772, 904.0944486372173, 0.0, 5484.586935774772, 904.5944486372173, 0.0], "f": [0, 1, 2, 2, 1, 3, 2, 3, 4, 2, 4, 5, 6, 2, 5, 7, 4, 3, 7, 3, 8, 1, 9, 3]}, "centroids": [[5485.663590051816, 915.4453800804913, 0.0]]}, "mtl": {"idx": 0}}, {"geom": {"triangles": {"v": [5466.149435774772, 992.5944486372173, 0.0, 5454.774435774772, 976.0944486372173, 0.0, 5482.899435774772, 981.0944486372173, 0.0, 5471.586935774772, 964.5944486372173, 0.0], "f": [0, 1, 2, 1, 3, 2]}, "centroids": [[5468.845455348957, 978.5129511868581, 0.0]]}, "mtl": {"idx": 0}}, {"geom": {"triangles": {"v": [5287.524435774772, 714.0944486372173, 0.0, 5274.149435774772, 703.5944486372173, 0.0, 5291.961935774772, 694.5944486372173, 0.0, 5299.774435774772, 698.5944486372173, 0.0, 5293.024435774772, 693.5944486372173, 0.0, 5285.399435774772, 689.5944486372173, 0.0], "f": [0, 1, 2, 3, 0, 2, 3, 2, 4, 2, 1, 5]}, "centroids": [[5286.879824999603, 701.6145706577227, 0.0]]}, "mtl": {"idx": 0}}, {"geom": {"triangles": {"v": [5492.149435774772, 1030.0944486372173, 0.0, 5479.274435774772, 1011.5944486372173, 0.0, 5508.961935774772, 1018.5944486372173, 0.0, 5496.024435774772, 1000.0944486372173, 0.0], "f": [0, 1, 2, 1, 3, 2]}, "centroids": [[5494.109413959319, 1015.0570482714102, 0.0]]}, "mtl": {"idx": 0}}, {"geom": {"triangles": {"v": [5546.586935774772, 1140.5944486372173, 0.0, 5538.399435774772, 1125.0944486372173, 0.0, 5566.711935774772, 1130.5944486372173, 0.0, 5558.524435774772, 1114.5944486372173, 0.0], "f": [0, 1, 2, 1, 3, 2]}, "centroids": [[5552.546579815331, 1127.6366080818698, 0.0]]}, "mtl": {"idx": 0}}, {"geom": {"triangles": {"v": [5422.774435774772, 841.0944486372173, 0.0, 5424.586935774772, 839.5944486372173, 0.0, 5434.211935774772, 854.5944486372173, 0.0, 5449.524435774772, 842.0944486372173, 0.0, 5438.086935774772, 828.0944486372173, 0.0], "f": [0, 1, 2, 3, 2, 1, 3, 1, 4]}, "centroids": [[5436.156662249705, 841.5473607499152, 0.0]]}, "mtl": {"idx": 0}}, {"geom": {"triangles": {"v": [5514.586935774772, 1078.0944486372173, 0.0, 5506.024435774772, 1062.0944486372173, 0.0, 5526.899435774772, 1051.0944486372173, 0.0, 5535.399435774772, 1066.5944486372173, 0.0], "f": [0, 1, 2, 0, 2, 3]}, "centroids": [[5520.709967800765, 1064.4083070876077, 0.0]]},