{"type": "block", "layer": 7, "block": 415, "features": [{"geom": {"triangles": {"v": [7809.774435774772, -1104.9055513627827, 0.0, 7805.461935774772, -1095.9055513627827, 0.0, 7803.649435774772, -1099.9055513627827, 0.0, 7817.586935774772, -1104.4055513627827, 0.0, 7820.336935774772, -1084.9055513627827, 0.0, 7829.149435774772, -1101.4055513627827, 0.0, 7821.774435774772, -1113.4055513627827, 0.0, 7825.086935774772, -1119.9055513627827, 0.0, 7819.274435774772, -1115.4055513627827, 0.0, 7821.961935774772, -1120.9055513627827, 0.0, 7843.649435774772, -1115.4055513627827, 0.0, 7834.711935774772, -1098.4055513627827, 0.0, 7827.649435774772, -1123.4055513627827, 0.0, 7805.086935774772, -1092.9055513627827, 0.0, 7812.774435774772, -1107.4055513627827, 0.0, 7806.086935774772, -1104.4055513627827, 0.0], "f": [0, 1, 2, 3, 1, 0, 3, 4, 1, 4, 3, 5, 3, 6, 5, 6, 7, 5, 7, 6, 8, 7, 8, 9, 5, 7, 10, 11, 5, 10, 10, 7, 12, 13, 1, 4, 0, 14, 3, 0, 2, 15]}, "centroids": [[7823.447076622862, -1104.456771189347, 0.0]]}, "mtl": {"idx": 0}}, {"geom": {"triangles": {"v": [8666.274435774772, -1240.4055513627827, 0.0, 8665.836935774772, -1242.4055513627827, 0.0, 8680.899435774772, -1245.9055513627827, 0.0, 8668.524435774772, -1230.4055513627827, 0.0, 8684.211935774772, -1230.4055513627827, 0.0, 8669.211935774772, -1227.4055513627827, 0.0], "f": [0, 1, 2, 3, 0, 2, 4, 3, 2, 5, 3, 4]}, "centroids": [[8675.047915582429, -1236.560469808057, 0.0]]}, "mtl": {"idx": 0}}, {"geom": {"triangles": {"v": [13535.149435774772, 4697.094448637217, 0.0, 13537.961935774772, 4696.094448637217, 0.0, 13542.024435774772, 4712.094448637217, 0.0, 13545.836935774772, 4692.094448637217, 0.0, 13557.774435774772, 4705.094448637217, 0.0, 13550.836935774772, 4690.094448637217, 0.0, 13537.336935774772, 4689.594448637217, 0.0, 13541.274435774772, 4687.594448637217, 0.0, 13544.086935774772, 4688.594448637217, 0.0, 13536.211935774772, 4692.094448637217, 0.0], "f": [0, 1, 2, 2, 1, 3, 2, 3, 4, 3, 5, 4, 3, 1, 6, 7, 3, 6, 3, 7, 8, 9, 6, 1]}, "centroids": [[13545.584929074394, 4699.648346820846, 0.0]]}, "mtl": {"idx": 0}}, {"geom": {"triangles": {"v": [2708.7119357747724, -5684.905551362783, 0.0, 2685.7119357747724, -5685.405551362783, 0.0, 2685.8994357747724, -5698.905551362783, 0.0, 2728.9619357747724, -5697.905551362783, 0.0, 2728.5869357747724, -5678.405551362783, 0.0, 2708.5869357747724, -5678.905551362783, 0.0], "f": [0, 1, 2, 3, 0, 2, 4, 0, 3, 5, 0, 4]}, "centroids": [[2709.2848232449032, -5689.956237486564, 0.0]]}, "mtl": {"idx": 0}}, {"geom": {"triangles": {"v": [3171.4619357747724, -3763.4055513627827, 0.0, 3157.8994357747724, -3774.4055513627827, 0.0, 3187.9619357747724, -3783.9055513627827, 0.0, 3174.3994357747724, -3794.9055513627827, 0.0], "f": [0, 1, 2, 1, 3, 2]}, "centroids": [[3172.931051794905, -3779.1248888233677, 0.0]]}, "mtl": {"idx": 0}}, {"geom": {"triangles": {"v": [4852.149435774772, -2111.9055513627827, 0.0, 4842.649435774772, -2112.4055513627827, 0.0, 4852.649435774772, -2133.4055513627827, 0.0, 4842.649435774772, -2133.4055513627827, 0.0], "f": [0, 1, 2, 1, 3, 2]}, "centroids": [[4847.543639408541, -2122.8683170862496, 0.0]]}, "mtl": {"idx": 0}}, {"geom": {"triangles": {"v": [4862.961935774772, -2111.9055513627827, 0.0, 4852.149435774772, -2111.9055513627827, 0.0, 4863.524435774772, -2132.9055513627827, 0.0, 4852.649435774772, -2133.4055513627827, 0.0], "f": [0, 1, 2, 1, 3, 2]}, "centroids": [[4857.826628708513, -2122.525023775175, 0.0]]}, "mtl": {"idx": 0}}, {"geom": {"triangles": {"v": [4873.836935774772, -2111.4055513627827, 0.0, 4862.961935774772, -2111.9055513627827, 0.0, 4874.336935774772, -2132.4055513627827, 0.0, 4863.524435774772, -2132.9055513627827, 0.0], "f": [0, 1, 2, 1, 3, 2]}, "centroids": [[4868.663695843541, -2122.2530584465712, 0.0]]}, "mtl": {"idx": 0}}, {"geom": {"triangles": {"v": [4865.086935774772, -2077.9055513627827, 0.0, 4855.899435774772, -2078.4055513627827, 0.0, 4865.649435774772, -2099.4055513627827, 0.0, 4856.399435774772, -2099.4055513627827, 0.0], "f": [0, 1, 2, 1, 3, 2]}, "centroids": [[4860.759395650704, -2088.7344233980402, 0.0]]}, "mtl": {"idx": 0}}, {"geom": {"triangles": {"v": [4865.086935774772, -2077.9055513627827, 0.0, 4865.649435774772, -2099.4055513627827, 0.0, 4874.461935774772, -2077.9055513627827, 0.0, 4874.899435774772, -2098.9055513627827, 0.0], "f": [0, 1, 2, 2, 1, 3]}, "centroids": [[4870.026104168268, -2088.4884620504454, 0.0]]}, "mtl": {"idx": 0}}, {"geom": {"triangles": {"v": [4883.899435774772, -2077.4055513627827, 0.0, 4874.461935774772, -2077.9055513627827, 0.0, 4884.524435774772, -2098.9055513627827, 0.0, 4874.899435774772, -2098.9055513627827, 0.0], "f": [0, 1, 2, 1, 3, 2]}, "centroids": [[4879.45242581144, -2088.289818110876, 0.0]]}, "mtl": {"idx": 0}}, {"geom": {"triangles": {"v": [4944.399435774772, -2061.9055513627827, 0.0, 4909.711935774772, -2062.9055513627827, 0.0, 4945.086935774772, -2090.4055513627827, 0.0, 4910.461935774772, -2091.4055513627827, 0.0], "f": [0, 1, 2, 1, 3, 2]}, "centroids": [[4927.404151067953, -2076.7043074723333, 0.0]]}, "mtl": {"idx": 0}}, {"geom": {"triangles": {"v": [4927.086935774772, -2103.4055513627827, 0.0, 4897.211935774772, -2104.4055513627827, 0.0, 4897.961935774772, -2134.4055513627827, 0.0, 4927.836935774772, -2133.9055513627827, 0.0], "f": [0, 1, 2, 3, 0, 2]}, "centroids": [[4912.513759297784, -2119.0262709837407, 0.0]]}, "mtl": {"idx": 0}}, {"geom": {"triangles": {"v": [4892.711935774772, -2076.9055513627827, 0.0, 4883.899435774772, -2077.4055513627827, 0.0, 4893.274435774772, -2098.4055513627827, 0.0, 4884.524435774772, -2098.9055513627827, 0.0], "f": [0, 1, 2, 1, 3, 2]}, "centroids": [[4888.600882930448, -2087.991915622726, 0.0]]}, "mtl": {"idx": 0}}, {"geom": {"triangles": {"v": [4834.899435774772, -2059.4055513627827, 0.0, 4809.649435774772, -2059.4055513627827, 0.0, 4835.086935774772, -2084.4055513627827, 0.0, 4809.836935774772, -2084.9055513627827, 0.0], "f": [0, 1, 2, 1, 3, 2]}, "centroids": [[4822.360307488707, -2071.9860518863425, 0.0]]}, "mtl": {"idx": 0}}, {"geom": {"triangles": {"v": [4832.586935774772, -2104.9055513627827, 0.0, 4806.274435774772, -2105.4055513627827, 0.0, 4833.211935774772, -2129.4055513627827, 0.0, 4806.836935774772, -2129.9055513627827, 0.0], "f": [0, 1, 2, 2, 1, 3]}, "centroids": [[4819.73464431148, -2117.4493398703635, 0.0]]}, "mtl": {"idx": 0}}, {"geom": {"triangles": {"v": [4873.836935774772, -2111.4055513627827, 0.0, 4874.336935774772, -2132.4055513627827, 0.0, 4884.649435774772, -2111.4055513627827, 0.0, 4885.149435774772, -2132.4055513627827, 0.0], "f": [0, 1, 2, 2, 1, 3]}, "centroids": [[4879.500534319202, -2121.9824920808896, 0.0]]}, "mtl": {"idx": 0}}, {"geom": {"triangles": {"v": [1537.1494357747724, -4586.905551362783, 0.0, 1525.0244357747724, -4614.905551362783, 0.0, 1571.2744357747724, -4601.905551362783, 0.0, 1559.1494357747724, -4629.405551362783, 0.0], "f": [0, 1, 2, 1, 3, 2]}, "centroids": [[1548.1597679908155, -4608.286111596972, 0.0]]}, "mtl": {"idx": 0}}, {"geom": {"triangles": {"v": [2454.0244357747724, -3829.9055513627827, 0.0, 2449.9619357747724, -3829.9055513627827, 0.0, 2451.3994357747724, -3859.4055513627827, 0.0, 2470.3369357747724, -3837.9055513627827, 0.0, 2469.7119357747724, -3824.4055513627827, 0.0, 2453.8369357747724, -3824.9055513627827, 0.0, 2487.7744357747724, -3857.4055513627827, 0.0, 2477.7744357747724, -3837.4055513627827, 0.0], "f": [0, 1, 2, 3, 0, 2, 4, 0, 3, 5, 0, 4, 3, 2, 6, 7, 3, 6]}, "centroids": [[2465.216150631779, -3844.122227503918, 0.0]]}, "mtl": {"idx": 0}}, {"geom": {"triangles": {"v": [2457.2119357747724, 5056.594448637217, 0.0, 2470.8994357747724, 5046.594448637217, 0.0, 2474.5244357747724, 5066.594448637217, 0.0, 2464.9619357747724, 5043.094448637217, 0.0, 2484.3369357747724, 5049.094448637217, 0.0, 2472.9619357747724, 5042.594448637217, 0.0], "f": [0, 1, 2, 0, 3, 1, 2, 1, 4, 1, 5, 4]}, "centroids": [[2470.900189186563, 5053.763739762828, 0.0]]},