{"type": "block", "layer": 7, "block": 63, "features": [{"geom": {"polygons": [[[[1436.502843131544, 96.82523833308369], [1425.5824010847136, 103.14784272853285], [1429.1780206372496, 109.6082745026797], [1428.020297933137, 110.24570404179394], [1430.057444614591, 113.89800396095961], [1424.5916576166637, 116.58554643020034], [1431.571389689343, 130.38505695108324], [1440.5103448000737, 125.78521757945418], [1454.2360380148748, 118.08436856791377], [1440.7329837817233, 93.86205753777176], [1436.502843131544, 96.82523833308369]]]], "centroids": [[1438.1687997053377, 112.74467736296356, 0.0]], "h": 0.0}, "mtl": {"idx": 0, "edge": 1}}, {"geom": {"polygons": [[[[1264.1134796891129, 134.57142981607467], [1266.9743906024378, 140.08435201458633], [1266.317605606746, 140.42890977393836], [1273.3752613230608, 154.03895258251578], [1274.6443035181146, 153.3842917867005], [1277.271443500882, 158.2597931465134], [1292.956359753618, 150.30049557518214], [1290.6075184978545, 145.63173364661634], [1291.9322204383789, 144.9426177162677], [1286.0211554772686, 133.55498518329114], [1285.063807856408, 134.0545935453847], [1280.8114033080637, 125.87135687097907], [1264.1134796891129, 134.57142981607467]]]], "centroids": [[1278.7710483378032, 142.18000061623752, 0.0]], "h": 0.0}, "mtl": {"idx": 0, "edge": 1}}, {"geom": {"polygons": [[[[1504.1516976866405, 273.1880712173879], [1514.8049729554914, 287.91816266439855], [1546.9763057947857, 264.53953839465976], [1538.126406276715, 252.2903369050473], [1526.8386099102208, 260.4909255085513], [1486.4185028031934, 204.56858390569687], [1498.9530774665764, 195.45496603939682], [1489.2126220221398, 181.9826795682311], [1457.7871297711972, 204.8270042175427], [1468.3068216510583, 219.38469465821981], [1473.6390252601122, 215.50838407501578], [1488.6782884664135, 236.31988597940654], [1480.8747921617469, 241.98792817629874], [1488.555837026448, 252.61767117213458], [1494.8231243580813, 248.05222073942423], [1509.951443156926, 268.9844007594511], [1504.1516976866405, 273.1880712173879]]]], "centroids": [[1500.17384291708, 236.7619310831651, 0.0]], "h": 0.0}, "mtl": {"idx": 0, "edge": 1}}, {"geom": {"polygons": [[[[1278.807652473799, 16.11339269950986], [1296.0065138014033, 8.41264474671334], [1291.2086437481921, -2.5441119205206633], [1288.4813162237406, -8.280898596160114], [1275.6239150371403, -37.326550878584385], [1258.8258038763888, -29.798120448365808], [1259.3601374322316, -28.60942028556019], [1257.9797757464694, -27.989228829741478], [1260.6291796272853, -22.028497490100563], [1261.8425620768685, -22.579779179766774], [1263.4900905407267, -18.893082191236317], [1262.388027581852, -18.410710501484573], [1265.0596953608328, -12.432744757272303], [1266.4623209448764, -13.070164939388633], [1271.9503718409687, -0.7696695979684591], [1270.7703852385748, -0.235614069737494], [1273.45318496658, 5.776819897815585], [1274.755623008823, 5.173853546380997], [1276.4699431670597, 9.032838949933648], [1274.9114702960942, 9.72194367647171], [1277.293707399047, 15.079734845086932], [1278.1842633254128, 14.683499367907643], [1278.807652473799, 16.11339269950986]]]], "centroids": [[1277.0800534378504, -10.602253426797688, 0.0]], "h": 0.0}, "mtl": {"idx": 0, "edge": 1}}, {"geom": {"polygons": [[[[1089.0858443147736, 638.6226041028276], [1089.3530110927531, 646.6340535711497], [1094.6629508036422, 646.4617642546073], [1094.384652076522, 638.4330860367045], [1089.0858443147736, 638.6226041028276]]]], "centroids": [[1091.872629080899, 642.5391711713746, 0.0]], "h": 0.0}, "mtl": {"idx": 0, "edge": 1}}, {"geom": {"polygons": [[[[1148.9534664634848, 454.32692902255803], [1155.7773512491258, 466.86931218765676], [1171.206232673023, 458.16889329627156], [1164.2376325493678, 445.7471228092909], [1148.9534664634848, 454.32692902255803]]]], "centroids": [[1160.0466393859824, 456.2907100310549, 0.0]], "h": 0.0}, "mtl": {"idx": 0, "edge": 1}}, {"geom": {"polygons": [[[[999.896668291185, 493.98711156938225], [996.8019864471862, 488.19829821493477], [986.694176683086, 493.6425392339006], [989.777726578177, 499.41412773076445], [999.896668291185, 493.98711156938225]]]], "centroids": [[993.2953063423047, 493.809177596122, 0.0]], "h": 0.0}, "mtl": {"idx": 0, "edge": 1}}, {"geom": {"polygons": [[[[1011.9080413477495, 475.25962572265416], [1028.6950205594767, 466.3179982472211], [1021.9045316211414, 454.10295806638896], [1005.3958511365345, 463.6992575218901], [1011.9080413477495, 475.25962572265416]]]], "centroids": [[1017.0456690364517, 464.8008566852659, 0.0]], "h": 0.0}, "mtl": {"idx": 0, "edge": 1}}, {"geom": {"polygons": [[[[1130.6748060751706, 425.22798343282193], [1137.6434061988257, 437.6497234189883], [1153.0722876227228, 428.94933494739234], [1146.1036874991842, 416.52760789263994], [1130.6748060751706, 425.22798343282193]]]], "centroids": [[1141.8735460394528, 427.0886633656919, 0.0]], "h": 0.0}, "mtl": {"idx": 0, "edge": 1}}, {"geom": {"polygons": [[[[1109.8135335005354, 749.1295976834372], [1113.2978335624794, 757.1583822546527], [1122.3926359602483, 753.1956764580682], [1118.9083358983044, 745.1668956950307], [1109.8135335005354, 749.1295976834372]]]], "centroids": [[1116.1030844724737, 751.162638255395, 0.0]], "h": 0.0}, "mtl": {"idx": 0, "edge": 1}}, {"geom": {"polygons": [[[[1344.630867379834, 107.40311322920024], [1360.9391727810726, 134.9504431001842], [1368.4198425624054, 130.5056520262733], [1352.1115371611668, 102.95833680499345], [1344.630867379834, 107.40311322920024]]]], "centroids": [[1356.5253558915574, 118.95438840426505, 0.0]], "h": 0.0}, "mtl": {"idx": 0, "edge": 1}}, {"geom": {"polygons": [[[[1125.8658040728187, 754.6429253136739], [1129.6506667599315, 762.1031525544822], [1136.1962528185686, 758.760694260709], [1132.4225220805965, 751.3004700057209], [1125.8658040728187, 754.6429253136739]]]], "centroids": [[1131.0330558061833, 756.7011398151517, 0.0]], "h": 0.0}, "mtl": {"idx": 0, "edge": 1}}, {"geom": {"polygons": [[[[1124.3518589981832, 617.6205827081576], [1129.8621737924404, 627.5444188881665], [1137.2871838283027, 623.4094857126474], [1131.765737085021, 613.4684255784377], [1124.3518589981832, 617.6205827081576]]]], "centroids": [[1130.8179262683261, 620.5102396374568, 0.0]], "h": 0.0}, "mtl": {"idx": 0, "edge": 1}}, {"geom": {"polygons": [[[[1057.9943105363054, 403.62350322585553], [1071.8424551909557, 396.06022550631315], [1063.8831115992507, 381.3988569872454], [1050.0349669446005, 388.9448930360377], [1057.9943105363054, 403.62350322585553]]]], "centroids": [[1060.938010243699, 392.50807783193886, 0.0]], "h": 0.0}, "mtl": {"idx": 0, "edge": 1}}, {"geom": {"polygons": [[[[1122.6375388399465, 541.9172619059682], [1116.4370432026917, 544.484340977855], [1122.7711222288199, 559.6628581807017], [1129.1163332040887, 556.9062582273036], [1122.6375388399465, 541.9172619059682]]]], "centroids": [[1122.7529877210036, 550.7825131053105, 0.0]], "h": 0.0}, "mtl": {"idx": 0, "edge": 1}}, {"geom": {"polygons": [[[[1240.8254422150785, 163.22143702488393], [1227.4003116254462, 170.5605406621471], [1236.3392667361768, 186.90988156478852], [1248.4730912325904, 180.27711032610387], [1249.764397325809, 179.5707635683939], [1240.8254422150785, 163.22143702488393]]]], "centroids": [[1238.5824173452565, 175.06572920270264, 0.0]], "h": 0.0}, "mtl": {"idx": 0, "edge": 1}}, {"geom": {"polygons": [[[[1277.271443500882, 158.2597931465134], [1287.835663177073, 179.20897622779012], [1303.5317113789497, 171.24965870566666], [1297.5761186215095, 159.44852005690336], [1292.956359753618, 150.30049557518214], [1277.271443500882, 158.2597931465134]]]], "centroids": [[1290.3999090879224, 164.75538058485836, 0.0]], "h": 0.0}, "mtl": {"idx": 0, "edge": 1}}, {"geom": {"polygons": [[[[895.356534487335, 555.4762723622844], [889.4566014751326, 558.3190155923367], [893.0633529769257, 565.8307538675144], [898.9632859890116, 562.9880080828443], [895.356534487335, 555.4762723622844]]]], "centroids": [[894.2099436471472, 560.6535126473755, 0.0]], "h": 0.0},