{"type": "block", "layer": 7, "block": 63, "features": [{"geom": {"triangles": {"v": [1424.5869357747724, 116.59444863721728, 0.0, 1430.0869357747724, 114.09444863721728, 0.0, 1431.5869357747724, 130.59444863721728, 0.0, 1440.5244357747724, 125.59444863721728, 0.0, 1454.2119357747724, 118.09444863721728, 0.0, 1436.5244357747724, 96.59444863721728, 0.0, 1429.1494357747724, 109.59444863721728, 0.0, 1428.0244357747724, 110.09444863721728, 0.0, 1425.5869357747724, 103.09444863721728, 0.0, 1440.7119357747724, 94.09444863721728, 0.0], "f": [0, 1, 2, 2, 1, 3, 3, 1, 4, 1, 5, 4, 1, 6, 5, 7, 6, 1, 6, 8, 5, 5, 9, 4]}, "centroids": [[1438.1687997053377, 112.74467736296356, 0.0]]}, "mtl": {"idx": 0}}, {"geom": {"triangles": {"v": [1266.9619357747724, 140.09444863721728, 0.0, 1264.0869357747724, 134.59444863721728, 0.0, 1280.8369357747724, 126.09444863721728, 0.0, 1285.0869357747724, 134.09444863721728, 0.0, 1274.6494357747724, 153.59444863721728, 0.0, 1273.3994357747724, 154.09444863721728, 0.0, 1266.3369357747724, 140.59444863721728, 0.0, 1290.5869357747724, 145.59444863721728, 0.0, 1277.2744357747724, 158.09444863721728, 0.0, 1292.9619357747724, 150.09444863721728, 0.0, 1291.9619357747724, 145.09444863721728, 0.0, 1286.0244357747724, 133.59444863721728, 0.0], "f": [0, 1, 2, 3, 0, 2, 4, 0, 3, 5, 0, 4, 6, 0, 5, 4, 3, 7, 8, 4, 7, 8, 7, 9, 7, 3, 10, 3, 11, 10]}, "centroids": [[1278.7710483378032, 142.18000061623752, 0.0]]}, "mtl": {"idx": 0}}, {"geom": {"triangles": {"v": [1468.3369357747724, 219.59444863721728, 0.0, 1457.7744357747724, 204.59444863721728, 0.0, 1473.6494357747724, 215.59444863721728, 0.0, 1486.3994357747724, 204.59444863721728, 0.0, 1488.6494357747724, 236.09444863721728, 0.0, 1526.8369357747724, 260.5944486372173, 0.0, 1494.8369357747724, 248.09444863721728, 0.0, 1480.8994357747724, 242.09444863721728, 0.0, 1488.5869357747724, 252.59444863721728, 0.0, 1509.9619357747724, 269.0944486372173, 0.0, 1514.7744357747724, 288.0944486372173, 0.0, 1504.1494357747724, 273.0944486372173, 0.0, 1546.9619357747724, 264.5944486372173, 0.0, 1538.1494357747724, 252.09444863721728, 0.0, 1489.2119357747724, 182.09444863721728, 0.0, 1498.9619357747724, 195.59444863721728, 0.0], "f": [0, 1, 2, 2, 1, 3, 2, 3, 4, 5, 4, 3, 4, 5, 6, 7, 4, 6, 8, 7, 6, 9, 6, 5, 10, 9, 5, 11, 9, 10, 10, 5, 12, 5, 13, 12, 3, 1, 14, 3, 14, 15]}, "centroids": [[1500.17384291708, 236.7619310831651, 0.0]]}, "mtl": {"idx": 0}}, {"geom": {"triangles": {"v": [1260.6494357747724, -21.905551362782717, 0.0, 1257.9619357747724, -27.905551362782717, 0.0, 1261.8369357747724, -22.405551362782717, 0.0, 1259.3369357747724, -28.405551362782717, 0.0, 1275.6494357747724, -37.40555136278272, 0.0, 1263.4619357747724, -18.905551362782717, 0.0, 1266.4619357747724, -12.905551362782717, 0.0, 1265.0869357747724, -12.405551362782717, 0.0, 1262.3994357747724, -18.405551362782717, 0.0, 1288.4619357747724, -8.405551362782717, 0.0, 1271.9619357747724, -0.9055513627827168, 0.0, 1274.7744357747724, 5.094448637217283, 0.0, 1273.4619357747724, 5.594448637217283, 0.0, 1270.7744357747724, -0.40555136278271675, 0.0, 1291.2119357747724, -2.4055513627827168, 0.0, 1276.4619357747724, 9.094448637217283, 0.0, 1296.0244357747724, 8.594448637217283, 0.0, 1278.2119357747724, 14.594448637217283, 0.0, 1274.8994357747724, 9.594448637217283, 0.0, 1277.2744357747724, 15.094448637217283, 0.0, 1278.8369357747724, 16.094448637217283, 0.0, 1258.8369357747724, -29.905551362782717, 0.0], "f": [0, 1, 2, 1, 3, 2, 2, 3, 4, 5, 2, 4, 6, 5, 4, 7, 5, 6, 8, 5, 7, 6, 4, 9, 10, 6, 9, 11, 10, 9, 12, 10, 11, 13, 10, 12, 11, 9, 14, 15, 11, 14, 16, 15, 14, 17, 15, 16, 18, 15, 17, 19, 18, 17, 20, 17, 16, 3, 21, 4]}, "centroids": [[1277.0800534378504, -10.602253426797688, 0.0]]}, "mtl": {"idx": 0}}, {"geom": {"triangles": {"v": [1089.3369357747724, 646.5944486372173, 0.0, 1089.0869357747724, 638.5944486372173, 0.0, 1094.6494357747724, 646.5944486372173, 0.0, 1094.3994357747724, 638.5944486372173, 0.0], "f": [0, 1, 2, 1, 3, 2]}, "centroids": [[1091.872629080899, 642.5391711713746, 0.0]]}, "mtl": {"idx": 0}}, {"geom": {"triangles": {"v": [1155.7744357747724, 467.0944486372173, 0.0, 1148.9619357747724, 454.0944486372173, 0.0, 1171.2119357747724, 458.0944486372173, 0.0, 1164.2119357747724, 445.5944486372173, 0.0], "f": [0, 1, 2, 1, 3, 2]}, "centroids": [[1160.0466393859824, 456.2907100310549, 0.0]]}, "mtl": {"idx": 0}}, {"geom": {"triangles": {"v": [989.7744357747724, 499.5944486372173, 0.0, 986.7119357747724, 493.5944486372173, 0.0, 999.8994357747724, 494.0944486372173, 0.0, 996.7744357747724, 488.0944486372173, 0.0], "f": [0, 1, 2, 1, 3, 2]}, "centroids": [[993.2953063423047, 493.809177596122, 0.0]]}, "mtl": {"idx": 0}}, {"geom": {"triangles": {"v": [1011.8994357747724, 475.0944486372173, 0.0, 1005.3994357747724, 463.5944486372173, 0.0, 1021.8994357747724, 454.0944486372173, 0.0, 1028.7119357747724, 466.0944486372173, 0.0], "f": [0, 1, 2, 3, 0, 2]}, "centroids": [[1017.0456690364517, 464.8008566852659, 0.0]]}, "mtl": {"idx": 0}}, {"geom": {"triangles": {"v": [1137.6494357747724, 437.5944486372173, 0.0, 1130.6494357747724, 425.0944486372173, 0.0, 1153.0869357747724, 429.0944486372173, 0.0, 1146.0869357747724, 416.5944486372173, 0.0], "f": [0, 1, 2, 1, 3, 2]}, "centroids": [[1141.8735460394528, 427.0886633656919, 0.0]]}, "mtl": {"idx": 0}}, {"geom": {"triangles": {"v": [1113.2744357747724, 757.0944486372173, 0.0, 1109.8369357747724, 749.0944486372173, 0.0, 1122.3994357747724, 753.0944486372173, 0.0, 1118.8994357747724, 745.0944486372173, 0.0], "f": [0, 1, 2, 1, 3, 2]}, "centroids": [[1116.1030844724737, 751.162638255395, 0.0]]}, "mtl": {"idx": 0}}, {"geom": {"triangles": {"v": [1360.9619357747724, 135.09444863721728, 0.0, 1344.6494357747724, 107.59444863721728, 0.0, 1368.3994357747724, 130.59444863721728, 0.0, 1352.0869357747724, 103.09444863721728, 0.0], "f": [0, 1, 2, 1, 3, 2]}, "centroids": [[1356.5253558915574, 118.95438840426505, 0.0]]}, "mtl": {"idx": 0}}, {"geom": {"triangles": {"v": [1129.6494357747724, 762.0944486372173, 0.0, 1125.8369357747724, 754.5944486372173, 0.0, 1136.2119357747724, 758.5944486372173, 0.0, 1132.3994357747724, 751.0944486372173, 0.0], "f": [0, 1, 2, 1, 3, 2]}, "centroids": [[1131.0330558061833, 756.7011398151517, 0.0]]}, "mtl": {"idx": 0}}, {"geom": {"triangles": {"v": [1129.8369357747724, 627.5944486372173, 0.0, 1124.3369357747724, 617.5944486372173, 0.0, 1137.2744357747724, 623.5944486372173, 0.0, 1131.7744357747724, 613.5944486372173, 0.0], "f": [0, 1, 2, 1, 3, 2]}, "centroids": [[1130.8179262683261, 620.5102396374568, 0.0]]}, "mtl": {"idx": 0}}, {"geom": {"triangles": {"v": [1058.0244357747724, 403.5944486372173, 0.0, 1050.0244357747724, 389.0944486372173, 0.0, 1071.8369357747724, 396.0944486372173, 0.0, 1063.8994357747724, 381.5944486372173, 0.0], "f": [0, 1, 2, 1, 3, 2]}, "centroids": [[1060.938010243699, 392.50807783193886, 0.0]]}, "mtl": {"idx": 0}}, {"geom": {"triangles": {"v": [1116.4619357747724, 544.5944486372173, 0.0, 1122.6494357747724, 542.0944486372173, 0.0, 1122.7744357747724, 559.5944486372173, 0.0, 1129.0869357747724, 557.0944486372173, 0.0], "f": [0, 1, 2, 2, 1, 3]}, "centroids": [[1122.7529877210036, 550.7825131053105, 0.0]]}, "mtl": {"idx": 0}}, {"geom": {"triangles": {"v": [1236.3369357747724, 187.09444863721728, 0.0, 1227.3994357747724, 170.59444863721728, 0.0, 1248.4619357747724, 180.09444863721728, 0.0, 1240.8369357747724, 163.09444863721728, 0.0, 1249.7744357747724, 179.59444863721728, 0.0], "f": [0, 1, 2, 1, 3, 2, 2, 3, 4]}, "centroids": [[1238.5824173452565, 175.06572920270264, 0.0]]}, "mtl": {"idx": 0}}, {"geom": {"triangles": {"v": [1287.8369357747724, 179.09444863721728, 0.0, 1277.2744357747724, 158.09444863721728, 0.0, 1297.5869357747724, 159.59444863721728, 0.0, 1303.5244357747724, 171.09444863721728, 0.0, 1292.9619357747724, 150.09444863721728, 0.0], "f": [0, 1, 2, 0, 2, 3, 1, 4, 2]}, "centroids": [[1290.3999090879224, 164.75538058485836, 0.0]]},