{"type": "block", "layer": 7, "block": 66, "features": [{"geom": {"triangles": {"v": [2519.7119357747724, 2167.5944486372173, 0.0, 2518.0869357747724, 2159.0944486372173, 0.0, 2523.8994357747724, 2166.5944486372173, 0.0, 2536.6494357747724, 2154.0944486372173, 0.0, 2548.2119357747724, 2164.0944486372173, 0.0, 2527.0244357747724, 2178.5944486372173, 0.0, 2554.4619357747724, 2171.5944486372173, 0.0, 2552.4619357747724, 2163.0944486372173, 0.0, 2545.6494357747724, 2151.5944486372173, 0.0, 2535.6494357747724, 2150.5944486372173, 0.0], "f": [0, 1, 2, 2, 1, 3, 4, 2, 3, 4, 5, 2, 6, 5, 4, 6, 4, 7, 3, 8, 4, 1, 9, 3]}, "centroids": [[2535.7940466884756, 2164.53085037414, 0.0]]}, "mtl": {"idx": 0}}, {"geom": {"triangles": {"v": [2450.2744357747724, 1493.0944486372173, 0.0, 2447.4619357747724, 1502.0944486372173, 0.0, 2446.1494357747724, 1496.0944486372173, 0.0, 2452.7119357747724, 1502.5944486372173, 0.0, 2450.0869357747724, 1503.0944486372173, 0.0, 2458.4619357747724, 1485.5944486372173, 0.0, 2463.7119357747724, 1505.5944486372173, 0.0, 2453.8994357747724, 1508.0944486372173, 0.0, 2449.0244357747724, 1487.5944486372173, 0.0, 2447.8369357747724, 1493.5944486372173, 0.0], "f": [0, 1, 2, 3, 1, 0, 4, 1, 3, 3, 0, 5, 3, 5, 6, 7, 3, 6, 0, 8, 5, 0, 2, 9]}, "centroids": [[2455.068677964504, 1497.042046001181, 0.0]]}, "mtl": {"idx": 0}}, {"geom": {"triangles": {"v": [2344.7744357747724, 1399.5944486372173, 0.0, 2343.2119357747724, 1364.0944486372173, 0.0, 2352.6494357747724, 1397.0944486372173, 0.0, 2352.7744357747724, 1399.0944486372173, 0.0, 2360.3994357747724, 1370.5944486372173, 0.0, 2361.3369357747724, 1397.0944486372173, 0.0, 2351.8369357747724, 1363.5944486372173, 0.0, 2365.2744357747724, 1360.0944486372173, 0.0, 2365.3369357747724, 1370.5944486372173, 0.0, 2351.7119357747724, 1360.5944486372173, 0.0], "f": [0, 1, 2, 0, 2, 3, 2, 1, 4, 2, 4, 5, 4, 1, 6, 4, 6, 7, 8, 4, 7, 6, 9, 7]}, "centroids": [[2353.226738938829, 1378.8472638102248, 0.0]]}, "mtl": {"idx": 0}}, {"geom": {"triangles": {"v": [2357.9619357747724, 1552.5944486372173, 0.0, 2350.4619357747724, 1567.0944486372173, 0.0, 2349.6494357747724, 1530.5944486372173, 0.0, 2358.2119357747724, 1561.5944486372173, 0.0, 2358.3369357747724, 1566.5944486372173, 0.0, 2359.3994357747724, 1552.5944486372173, 0.0, 2359.5869357747724, 1561.5944486372173, 0.0, 2356.9619357747724, 1541.5944486372173, 0.0, 2357.7119357747724, 1541.5944486372173, 0.0, 2356.7119357747724, 1530.5944486372173, 0.0], "f": [0, 1, 2, 1, 0, 3, 1, 3, 4, 3, 0, 5, 3, 5, 6, 7, 0, 2, 0, 7, 8, 2, 9, 7]}, "centroids": [[2354.077695232001, 1549.5067111002281, 0.0]]}, "mtl": {"idx": 0}}, {"geom": {"triangles": {"v": [2367.0869357747724, 1277.5944486372173, 0.0, 2366.0869357747724, 1266.0944486372173, 0.0, 2381.5869357747724, 1275.0944486372173, 0.0, 2379.1494357747724, 1262.0944486372173, 0.0], "f": [0, 1, 2, 1, 3, 2]}, "centroids": [[2373.716305942391, 1270.305389805697, 0.0]]}, "mtl": {"idx": 0}}, {"geom": {"triangles": {"v": [2535.3994357747724, 2001.5944486372173, 0.0, 2533.7119357747724, 1997.0944486372173, 0.0, 2539.4619357747724, 2000.0944486372173, 0.0, 2547.7119357747724, 1992.0944486372173, 0.0, 2549.3994357747724, 1996.5944486372173, 0.0], "f": [0, 1, 2, 2, 1, 3, 4, 2, 3]}, "centroids": [[2541.5492194246035, 1996.82687564753, 0.0]]}, "mtl": {"idx": 0}}, {"geom": {"triangles": {"v": [2505.4619357747724, 1889.5944486372173, 0.0, 2501.3994357747724, 1876.5944486372173, 0.0, 2516.8994357747724, 1872.0944486372173, 0.0, 2520.9619357747724, 1884.5944486372173, 0.0], "f": [0, 1, 2, 0, 2, 3]}, "centroids": [[2511.1923385550035, 1880.6612681811675, 0.0]]}, "mtl": {"idx": 0}}, {"geom": {"triangles": {"v": [2416.0869357747724, 1844.5944486372173, 0.0, 2411.8369357747724, 1828.5944486372173, 0.0, 2429.5869357747724, 1841.0944486372173, 0.0, 2425.2744357747724, 1825.0944486372173, 0.0], "f": [0, 1, 2, 1, 3, 2]}, "centroids": [[2420.697470533196, 1834.9711655136198, 0.0]]}, "mtl": {"idx": 0}}, {"geom": {"triangles": {"v": [2488.2744357747724, 1835.0944486372173, 0.0, 2484.2119357747724, 1822.5944486372173, 0.0, 2503.5244357747724, 1830.0944486372173, 0.0, 2499.3994357747724, 1817.5944486372173, 0.0], "f": [0, 1, 2, 1, 3, 2]}, "centroids": [[2493.8502152919536, 1826.4115830976516, 0.0]]}, "mtl": {"idx": 0}}, {"geom": {"triangles": {"v": [2499.1494357747724, 1869.0944486372173, 0.0, 2494.8369357747724, 1856.0944486372173, 0.0, 2510.2119357747724, 1851.0944486372173, 0.0, 2514.5244357747724, 1864.0944486372173, 0.0], "f": [0, 1, 2, 0, 2, 3]}, "centroids": [[2504.685714314459, 1860.17306809593, 0.0]]}, "mtl": {"idx": 0}}, {"geom": {"triangles": {"v": [2464.8994357747724, 1889.5944486372173, 0.0, 2460.7119357747724, 1874.5944486372173, 0.0, 2473.8369357747724, 1871.0944486372173, 0.0, 2478.0244357747724, 1886.0944486372173, 0.0], "f": [0, 1, 2, 0, 2, 3]}, "centroids": [[2469.3728723723907, 1880.4726564921439, 0.0]]}, "mtl": {"idx": 0}}, {"geom": {"triangles": {"v": [2221.8369357747724, 1941.5944486372173, 0.0, 2209.8994357747724, 1923.0944486372173, 0.0, 2257.2119357747724, 1919.0944486372173, 0.0, 2245.2744357747724, 1900.5944486372173, 0.0], "f": [0, 1, 2, 1, 3, 2]}, "centroids": [[2233.5465849469183, 1921.1469043502584, 0.0]]}, "mtl": {"idx": 0}}, {"geom": {"triangles": {"v": [2497.2744357747724, 1811.0944486372173, 0.0, 2484.2119357747724, 1822.5944486372173, 0.0, 2479.8994357747724, 1809.5944486372173, 0.0, 2499.3994357747724, 1817.5944486372173, 0.0, 2494.0869357747724, 1805.0944486372173, 0.0, 2495.2119357747724, 1805.0944486372173, 0.0, 2495.0869357747724, 1804.5944486372173, 0.0], "f": [0, 1, 2, 1, 0, 3, 2, 4, 0, 0, 4, 5, 5, 4, 6]}, "centroids": [[2489.6398145479616, 1813.5745006436482, 0.0]]}, "mtl": {"idx": 0}}, {"geom": {"triangles": {"v": [2514.6494357747724, 2004.0944486372173, 0.0, 2510.4619357747724, 1991.0944486372173, 0.0, 2525.2119357747724, 1986.0944486372173, 0.0, 2529.3994357747724, 1999.5944486372173, 0.0], "f": [0, 1, 2, 0, 2, 3]}, "centroids": [[2519.9309186514, 1995.1652132151648, 0.0]]}, "mtl": {"idx": 0}}, {"geom": {"triangles": {"v": [2416.4619357747724, 1350.5944486372173, 0.0, 2413.8369357747724, 1335.5944486372173, 0.0, 2430.8994357747724, 1347.0944486372173, 0.0, 2427.5869357747724, 1330.0944486372173, 0.0], "f": [0, 1, 2, 1, 3, 2]}, "centroids": [[2422.354371315101, 1340.9320985293016, 0.0]]}, "mtl": {"idx": 0}}, {"geom": {"triangles": {"v": [2411.0869357747724, 1818.0944486372173, 0.0, 2406.8369357747724, 1803.0944486372173, 0.0, 2426.8369357747724, 1812.5944486372173, 0.0, 2427.1494357747724, 1814.0944486372173, 0.0, 2422.9619357747724, 1798.5944486372173, 0.0], "f": [0, 1, 2, 0, 2, 3, 1, 4, 2]}, "centroids": [[2417.0572955316165, 1808.3868749300018, 0.0]]}, "mtl": {"idx": 0}}, {"geom": {"triangles": {"v": [2391.4619357747724, 1743.0944486372173, 0.0, 2388.0869357747724, 1729.5944486372173, 0.0, 2407.8994357747724, 1738.5944486372173, 0.0, 2404.4619357747724, 1725.5944486372173, 0.0], "f": [0, 1, 2, 1, 3, 2]}, "centroids": [[2397.988306341227, 1734.28914403636, 0.0]]}, "mtl": {"idx": 0}}, {"geom": {"triangles": {"v": [2432.1494357747724, 1911.0944486372173, 0.0, 2429.8369357747724, 1899.5944486372173, 0.0, 2446.8994357747724, 1906.0944486372173, 0.0, 2444.4619357747724, 1895.5944486372173, 0.0], "f": [0, 1, 2, 1, 3, 2]}, "centroids": [[2438.2401735878084, 1903.105948984623, 0.0]]}, "mtl": {"idx": 0}}, {"geom": {"triangles": {"v": [2510.4619357747724, 1991.0944486372173, 0.0, 2506.2119357747724, 1977.5944486372173, 0.0, 2520.8994357747724, 1973.0944486372173, 0.0, 2525.2119357747724, 1986.0944486372173, 0.0], "f": [0, 1, 2, 0, 2, 3]}, "centroids": [[2515.7007780028507, 1981.9485002765432, 0.0]]}, "mtl": {"idx": 0}}, {"geom": {"triangles": {"v": [2503.7119357747724, 1970.5944486372173, 0.0, 2499.3994357747724, 1957.5944486372173, 0.0, 2514.2744357747724, 1952.5944486372173, 0.0, 2518.5869357747724, 1966.0944486372173, 0.0], "f": [0, 1, 2, 3, 0, 2]}, "centroids": [[2508.9793121216353, 1961.8040416650474, 0.0]]},