{"type": "block", "layer": 12, "block": 0, "features": [{"geom": {"lines": [[2553.8252556259977, 910.3358219088987, 0.0, 2733.9279010110768, 900.8405724810436, 0.0, 2927.087043999112, 932.3877586945891, 0.0, 3068.49069499108, 1004.1610577628016, 0.0, 3174.211852193228, 991.9185061817989, 0.0, 3209.0073681438807, 997.8584222001955, 0.0, 3463.6193718323484, 1148.655892197974, 0.0, 3631.99458407599, 1295.0162431085482, 0.0, 3698.654583653435, 1334.4086448494345, 0.0, 3870.659360523685, 1504.3026196518913, 0.0, 4108.385820868891, 1732.3766392469406, 0.0, 4184.14631214214, 1760.3837967216969, 0.0, 4480.0215488947, 2226.9055151604116, 0.0]]}, "mtl": {"idx": 0}}, {"geom": {"lines": [[4493.36807860632, 2230.848335908726, 0.0, 4191.402400475112, 1764.9934381786734, 0.0, 4173.514887855155, 1599.0201961686835, 0.0, 4173.514887855155, 1599.0201961686835, 0.0, 4180.283052224433, 1523.913996445015, 0.0, 4222.291957347887, 1417.227860945277, 0.0, 4290.8346201465465, 1327.4419676158577, 0.0, 4279.669509927509, 1278.3478361470625, 0.0, 4320.178575138096, 1254.6995580149814, 0.0, 4278.492227357812, 1198.5935250138864, 0.0, 4227.916220787098, 1071.6689948774874, 0.0, 4200.400737448828, 1000.1797431949526, 0.0, 4162.590009923442, 845.8099220050499, 0.0, 4093.179133839789, 623.806046818383, 0.0, 4109.226023017662, 586.5164351724088, 0.0]]}, "mtl": {"idx": 0}}], "featureCount": 2, "startIndex": 0}