{"type": "block", "layer": 14, "block": 0, "features": [{"geom": {"lines": [[4533.513990365318, 2223.355847330764, 0.0, 4570.2066434595035, 2272.0882653733715, 0.0, 4699.765035664896, 2132.775104718283, 0.0, 4990.558565428015, 1957.5642015822232, 0.0, 5064.387927416363, 1956.5807344252244, 0.0, 5160.890303227934, 1904.7690095137805, 0.0, 5157.746473357314, 1857.7560397069901, 0.0, 4767.017771075945, 1214.3774643614888, 0.0, 4813.353031591745, 1203.1143242036924, 0.0, 5058.394865019247, 1124.9540737615898, 0.0, 5121.214843247435, 1093.5365567700937, 0.0, 5187.595807792153, 1100.391851004213, 0.0, 5474.511744409334, 950.3937104428187, 0.0, 5380.268454413628, 820.2351290388033, 0.0, 5179.260890161386, 656.5153949968517, 0.0, 5135.862548267469, 474.4661656524986, 0.0, 5135.252852972713, 360.5531989624724, 0.0, 5163.625980646233, 252.776500784792, 0.0, 5186.984926361358, 205.44592369068414, 0.0, 5089.4178093780065, -40.02527221105993, 0.0, 5008.089386010775, 61.90399078652263, 0.0, 4811.740453982842, 139.36816121451557, 0.0, 4622.551874189754, 257.4273392027244, 0.0, 4443.267307818867, 312.19917038735, 0.0, 4369.819777600118, 278.0874770609662, 0.0, 4319.326006368268, 321.01403550338, 0.0, 4295.309993538307, 379.0842425832525, 0.0, 4225.90792826144, 418.23501848150045, 0.0, 3715.954353175708, 551.5997250285, 0.0, 2753.692384568276, 748.5195278702304, 0.0, 2723.2467631004984, 758.684355259873, 0.0, 2728.7525075487792, 1137.2870116010308, 0.0, 2820.8330664747627, 1536.1425434192643, 0.0, 2935.735662411782, 1814.8830463401973, 0.0, 3148.3685729024, 2263.7033304683864, 0.0, 3280.9382098373026, 2636.852500187233, 0.0, 3362.548826310085, 2916.1602313341573, 0.0, 3513.0999868706567, 2970.2237773304805, 0.0, 3593.480948085664, 2885.292149017565, 0.0, 3817.9348172120517, 2606.1156600061804, 0.0, 3842.1983596998034, 2590.9783316114917, 0.0, 3964.938355121645, 2570.9976028287783, 0.0, 4360.852382072597, 2386.282688113861, 0.0, 4342.63758803159, 2360.263905517757, 0.0, 4490.8786855379585, 2285.419449322857, 0.0, 4469.395663046511, 2262.478884998709, 0.0, 4533.959873098414, 2226.345577516593, 0.0]]}, "mtl": {"idx": 0}}], "featureCount": 1, "startIndex": 0}